run_id,run_name,sweep_id,sweep_name,run_state,category,rl_enabled,aux_enabled,kl_enabled,topology_enabled,cpb_enabled,multi_epoch_ppo,replay_buffer_enabled,lm_reward_enabled,train_iters,use_rl_loss,rl_loss_coeff,moe_aux_loss_coeff,rl_reward_type,rl_discount_factor,rl_ppo_epochs,rl_replay_buffer_size,rl_lm_reward_coeff,rl_ppo_extra_lr,rl_reward_topn,rl_ppo_entropy_coeff,rl_algorithm,rl_ppo_baseline_type,rl_critic_hidden_dims,rl_normalize_rewards,rl_use_ema_loads,rl_critic_layer_aware,rl_ppo_clip_ratio,rl_ppo_reeval,kl_loss_coeff,moe_router_topology_aware,moe_router_topology_lambda,moe_router_critical_path_bias,moe_router_critical_path_topn,moe_router_critical_path_alpha,eval_critical_path,eval_lm_loss,eval_locality_ratio,eval_wall_time_sec,train_lm_loss,train_aux_loss,train_rl_loss,train_rl_mean_reward,train_rl_policy_loss,train_rl_value_loss,train_rl_entropy_bonus,train_rl_mean_advantage,train_grad_norm,train_num_tokens_on_critical_path,hellaswag,arc_challenge,winogrande,benchmark_avg,run_url,rl_per_token_rewards,moe_router_enable_expert_bias,moe_router_score_function,moe_router_bias_update_rate
ju9h6tui,PPO_batch_ent0_critic256_rlc2_n1_r68,84wy7dfg,gamma-sweep,finished,Aux,False,True,False,False,False,False,False,False,4000.0,False,,1.0,,,,,,,,,,,,,,,,,,,,,,,,,,,,,,,,,,,,,,,,,https://wandb.ai/nvr-israel/qwen3-router-training/runs/ju9h6tui,,,,
yydfmfu7,PPO_batch_ent0_critic256_rlc2_n1_r67,84wy7dfg,gamma-sweep,finished,Aux,False,True,False,False,False,False,False,False,4000.0,False,,0.1,,,,,,,,,,,,,,,,,,,,,,,,,,,,,,,,,,,,,,,,,https://wandb.ai/nvr-israel/qwen3-router-training/runs/yydfmfu7,,,,
y1fmjfx5,PPO_batch_ent0_critic256_rlc2_n1_r66,84wy7dfg,gamma-sweep,finished,Aux,False,True,False,False,False,False,False,False,4000.0,False,,0.01,,,,,,,,,,,,,,,,,,,,,,,,,,,,,,,,,,,,,,,,,https://wandb.ai/nvr-israel/qwen3-router-training/runs/y1fmjfx5,,,,
sz55b437,PPO_batch_ent0_critic256_rlc2_n1_r65,84wy7dfg,gamma-sweep,finished,Aux,False,True,False,False,False,False,False,False,4000.0,False,,0.001,,,,,,,,,,,,,,,,,,,,,,,,,,,,,,,,,,,,,,,,,https://wandb.ai/nvr-israel/qwen3-router-training/runs/sz55b437,,,,
y4imj4ou,PPO_batch_ent0_critic256_rlc2_n1_r64,84wy7dfg,gamma-sweep,finished,Baseline,False,False,False,False,False,False,False,False,4000.0,False,,0.0,,,,,,,,,,,,,,,,,,,,,,,,,,,,,,,,,,,,,,,,,https://wandb.ai/nvr-israel/qwen3-router-training/runs/y4imj4ou,,,,
tg5gcydo,ptbin_n6_rlc0.01_g0.95_aux0.01_norm_PPO_ent0.01_c256_r61,11oi7yzk,per-token-rl-sweep,finished,RL + Aux,True,True,False,False,False,False,False,False,1500.0,True,0.01,0.01,per_token_topn_binary,0.95,,,,,6.0,0.01,ppo,critic,[256],True,,,,,,,,,,,3473.780029296875,3.169712543487549,,,,,,,,,,,,,,,,,https://wandb.ai/nvr-israel/qwen3-router-training/runs/tg5gcydo,False,,,
buxqn57r,ptbin_n6_rlc0.01_g0.95_noaux_norm_PPO_ent0.01_c256_r60,11oi7yzk,per-token-rl-sweep,finished,RL,True,False,False,False,False,False,False,False,1500.0,True,0.01,0.0,per_token_topn_binary,0.95,,,,,6.0,0.01,ppo,critic,[256],True,,,,,,,,,,,5035.3798828125,5.180080413818359,,,,,,,,,,,,,,,,,https://wandb.ai/nvr-israel/qwen3-router-training/runs/buxqn57r,False,,,
wdxojx6p,ptbin_n2_rlc0.01_g0.95_aux0.01_norm_PPO_ent0.01_c256_r59,11oi7yzk,per-token-rl-sweep,finished,RL + Aux,True,True,False,False,False,False,False,False,1500.0,True,0.01,0.01,per_token_topn_binary,0.95,,,,,2.0,0.01,ppo,critic,[256],True,,,,,,,,,,,3469.47998046875,3.256043672561645,,,,,,,,,,,,,,,,,https://wandb.ai/nvr-israel/qwen3-router-training/runs/wdxojx6p,False,,,
zyzwsbmr,ptbin_n2_rlc0.01_g0.95_noaux_norm_PPO_ent0.01_c256_r58,11oi7yzk,per-token-rl-sweep,finished,RL,True,False,False,False,False,False,False,False,1500.0,True,0.01,0.0,per_token_topn_binary,0.95,,,,,2.0,0.01,ppo,critic,[256],True,,,,,,,,,,,3980.580078125,2.8915510177612305,,,,,,,,,,,,,,,,,https://wandb.ai/nvr-israel/qwen3-router-training/runs/zyzwsbmr,False,,,
uli89549,crit_n1_rlc0.01_g0.95_aux0.01_norm_PPO_ent0.01_c256_r57,11oi7yzk,per-token-rl-sweep,finished,RL + Aux,True,True,False,False,False,False,False,False,1500.0,True,0.01,0.01,critical_path,0.95,,,,,1.0,0.01,ppo,critic,[256],True,,,,,,,,,,,3574.2099609375,2.73880672454834,,,,,,,,,,,,,,,,,https://wandb.ai/nvr-israel/qwen3-router-training/runs/uli89549,False,,,
j78ntd8k,crit_n1_rlc0.01_g0.95_noaux_norm_PPO_ent0.01_c256_r56,11oi7yzk,per-token-rl-sweep,finished,RL,True,False,False,False,False,False,False,False,1500.0,True,0.01,0.0,critical_path,0.95,,,,,1.0,0.01,ppo,critic,[256],True,,,,,,,,,,,4507.259765625,2.655914545059204,,,,,,,,,,,,,66.4,56.8,69.4,64.2,https://wandb.ai/nvr-israel/qwen3-router-training/runs/j78ntd8k,False,,,
i0w3gvhu,ptload_n1_rlc0.01_g0.95_aux0.01_norm_PPO_ent0.01_c256_r55,11oi7yzk,per-token-rl-sweep,finished,RL + Aux,True,True,False,False,False,False,False,False,1500.0,True,0.01,0.01,per_token_load_weighted,0.95,,,,,1.0,0.01,ppo,critic,[256],True,,,,,,,,,,,3553.2099609375,2.9755120277404785,,,,,,,,,,,,,,,,,https://wandb.ai/nvr-israel/qwen3-router-training/runs/i0w3gvhu,False,,,
ejxllw2q,ptload_n1_rlc0.01_g0.95_noaux_norm_PPO_ent0.01_c256_r54,11oi7yzk,per-token-rl-sweep,finished,RL,True,False,False,False,False,False,False,False,1500.0,True,0.01,0.0,per_token_load_weighted,0.95,,,,,1.0,0.01,ppo,critic,[256],True,,,,,,,,,,,4507.10009765625,4.067103385925293,,,,,,,,,,,,,,,,,https://wandb.ai/nvr-israel/qwen3-router-training/runs/ejxllw2q,False,,,
9flvabjf,ptbin_n1_rlc0.01_g0.95_aux0.01_norm_PPO_ent0.01_c256_r53,11oi7yzk,per-token-rl-sweep,finished,RL + Aux,True,True,False,False,False,False,False,False,1500.0,True,0.01,0.01,per_token_topn_binary,0.95,,,,,1.0,0.01,ppo,critic,[256],True,,,,,,,,,,,3454.6201171875,3.214411735534668,,,,,,,,,,,,,,,,,https://wandb.ai/nvr-israel/qwen3-router-training/runs/9flvabjf,False,,,
2u5sca3c,ptbin_n1_rlc0.01_g0.95_noaux_norm_PPO_ent0.01_c256_r52,11oi7yzk,per-token-rl-sweep,finished,RL,True,False,False,False,False,False,False,False,1500.0,True,0.01,0.0,per_token_topn_binary,0.95,,,,,1.0,0.01,ppo,critic,[256],True,,,,,,,,,,,3999.1201171875,2.9321744441986084,,,,,,,,,,,,,,,,,https://wandb.ai/nvr-israel/qwen3-router-training/runs/2u5sca3c,False,,,
3wy31xlx,ptbin_n6_rlc0.01_g0.2_aux0.01_norm_PPO_ent0.01_c256_r51,11oi7yzk,per-token-rl-sweep,finished,RL + Aux,True,True,False,False,False,False,False,False,1500.0,True,0.01,0.01,per_token_topn_binary,0.2,,,,,6.0,0.01,ppo,critic,[256],True,,,,,,,,,,,3534.7900390625,2.800107955932617,,,,,,,,,,,,,,,,,https://wandb.ai/nvr-israel/qwen3-router-training/runs/3wy31xlx,False,,,
l2p7qd9s,ptbin_n6_rlc0.01_g0.2_noaux_norm_PPO_ent0.01_c256_r50,11oi7yzk,per-token-rl-sweep,finished,RL,True,False,False,False,False,False,False,False,1500.0,True,0.01,0.0,per_token_topn_binary,0.2,,,,,6.0,0.01,ppo,critic,[256],True,,,,,,,,,,,4243.580078125,2.680084466934204,,,,,,,,,,,,,,,,,https://wandb.ai/nvr-israel/qwen3-router-training/runs/l2p7qd9s,False,,,
1q9iezjw,ptbin_n2_rlc0.01_g0.2_aux0.01_norm_PPO_ent0.01_c256_r49,11oi7yzk,per-token-rl-sweep,finished,RL + Aux,True,True,False,False,False,False,False,False,1500.0,True,0.01,0.01,per_token_topn_binary,0.2,,,,,2.0,0.01,ppo,critic,[256],True,,,,,,,,,,,3539.2099609375,2.805306196212769,,,,,,,,,,,,,,,,,https://wandb.ai/nvr-israel/qwen3-router-training/runs/1q9iezjw,False,,,
6fo9f9bo,ptbin_n2_rlc0.01_g0.2_noaux_norm_PPO_ent0.01_c256_r48,11oi7yzk,per-token-rl-sweep,finished,RL,True,False,False,False,False,False,False,False,1500.0,True,0.01,0.0,per_token_topn_binary,0.2,,,,,2.0,0.01,ppo,critic,[256],True,,,,,,,,,,,4235.2998046875,2.683307886123657,,,,,,,,,,,,,,,,,https://wandb.ai/nvr-israel/qwen3-router-training/runs/6fo9f9bo,False,,,
4j5allcz,crit_n1_rlc0.01_g0.2_aux0.01_norm_PPO_ent0.01_c256_r47,11oi7yzk,per-token-rl-sweep,finished,RL + Aux,True,True,False,False,False,False,False,False,1500.0,True,0.01,0.01,critical_path,0.2,,,,,1.0,0.01,ppo,critic,[256],True,,,,,,,,,,,3567.7099609375,2.739330768585205,,,,,,,,,,,,,,,,,https://wandb.ai/nvr-israel/qwen3-router-training/runs/4j5allcz,False,,,
5nr432qn,crit_n1_rlc0.01_g0.2_noaux_norm_PPO_ent0.01_c256_r46,11oi7yzk,per-token-rl-sweep,finished,RL,True,False,False,False,False,False,False,False,1500.0,True,0.01,0.0,critical_path,0.2,,,,,1.0,0.01,ppo,critic,[256],True,,,,,,,,,,,4512.56005859375,2.656599998474121,,,,,,,,,,,,,,,,,https://wandb.ai/nvr-israel/qwen3-router-training/runs/5nr432qn,False,,,
nb7c2ly3,ptload_n1_rlc0.01_g0.2_aux0.01_norm_PPO_ent0.01_c256_r45,11oi7yzk,per-token-rl-sweep,finished,RL + Aux,True,True,False,False,False,False,False,False,1500.0,True,0.01,0.01,per_token_load_weighted,0.2,,,,,1.0,0.01,ppo,critic,[256],True,,,,,,,,,,,3554.449951171875,2.772132158279419,,,,,,,,,,,,,,,,,https://wandb.ai/nvr-israel/qwen3-router-training/runs/nb7c2ly3,False,,,
9evcpq1o,ptload_n1_rlc0.01_g0.2_noaux_norm_PPO_ent0.01_c256_r44,11oi7yzk,per-token-rl-sweep,finished,RL,True,False,False,False,False,False,False,False,1500.0,True,0.01,0.0,per_token_load_weighted,0.2,,,,,1.0,0.01,ppo,critic,[256],True,,,,,,,,,,,4339.2900390625,2.6696557998657227,,,,,,,,,,,,,64.9,55.0,71.3,63.73,https://wandb.ai/nvr-israel/qwen3-router-training/runs/9evcpq1o,False,,,
3ocuxrdg,ptbin_n1_rlc0.01_g0.2_aux0.01_norm_PPO_ent0.01_c256_r43,11oi7yzk,per-token-rl-sweep,finished,RL + Aux,True,True,False,False,False,False,False,False,1500.0,True,0.01,0.01,per_token_topn_binary,0.2,,,,,1.0,0.01,ppo,critic,[256],True,,,,,,,,,,,3538.929931640625,2.8139350414276123,,,,,,,,,,,,,,,,,https://wandb.ai/nvr-israel/qwen3-router-training/runs/3ocuxrdg,False,,,
74h9ij56,ptbin_n1_rlc0.01_g0.2_noaux_norm_PPO_ent0.01_c256_r42,11oi7yzk,per-token-rl-sweep,finished,RL,True,False,False,False,False,False,False,False,1500.0,True,0.01,0.0,per_token_topn_binary,0.2,,,,,1.0,0.01,ppo,critic,[256],True,,,,,,,,,,,4236.68994140625,2.6847083568573,,,,,,,,,,,,,,,,,https://wandb.ai/nvr-israel/qwen3-router-training/runs/74h9ij56,False,,,
e5w8ddgn,ptbin_n6_rlc0.05_g0.95_aux0.01_norm_PPO_ent0.01_c256_r41,11oi7yzk,per-token-rl-sweep,finished,RL + Aux,True,True,False,False,False,False,False,False,1500.0,True,0.05,0.01,per_token_topn_binary,0.95,,,,,6.0,0.01,ppo,critic,[256],True,,,,,,,,,,,3242.39990234375,4.152303695678711,,,,,,,,,,,,,,,,,https://wandb.ai/nvr-israel/qwen3-router-training/runs/e5w8ddgn,False,,,
m4xtmc6w,ptbin_n6_rlc0.05_g0.95_noaux_norm_PPO_ent0.01_c256_r40,11oi7yzk,per-token-rl-sweep,finished,RL,True,False,False,False,False,False,False,False,1500.0,True,0.05,0.0,per_token_topn_binary,0.95,,,,,6.0,0.01,ppo,critic,[256],True,,,,,,,,,,,3494.860107421875,4.1018900871276855,,,,,,,,,,,,,,,,,https://wandb.ai/nvr-israel/qwen3-router-training/runs/m4xtmc6w,False,,,
hn9ckl9f,crit_n1_rlc0.05_g0.95_aux0.01_norm_PPO_ent0.01_c256_r37,11oi7yzk,per-token-rl-sweep,finished,RL + Aux,True,True,False,False,False,False,False,False,1500.0,True,0.05,0.01,critical_path,0.95,,,,,1.0,0.01,ppo,critic,[256],True,,,,,,,,,,,3572.47998046875,2.739621162414551,,,,,,,,,,,,,,,,,https://wandb.ai/nvr-israel/qwen3-router-training/runs/hn9ckl9f,False,,,
46lrqcp5,crit_n1_rlc0.05_g0.95_noaux_norm_PPO_ent0.01_c256_r36,11oi7yzk,per-token-rl-sweep,finished,RL,True,False,False,False,False,False,False,False,1500.0,True,0.05,0.0,critical_path,0.95,,,,,1.0,0.01,ppo,critic,[256],True,,,,,,,,,,,4503.240234375,2.656896591186523,,,,,,,,,,,,,,,,,https://wandb.ai/nvr-israel/qwen3-router-training/runs/46lrqcp5,False,,,
6bd9pc38,crit_n1_rlc0.05_g0.95_aux0.01_norm_PPO_ent0.01_c256_r37,11oi7yzk,per-token-rl-sweep,finished,RL + Aux,True,True,False,False,False,False,False,False,1500.0,True,0.05,0.01,critical_path,0.95,,,,,1.0,0.01,ppo,critic,[256],True,,,,,,,,,,,3565.75,2.741605281829834,,,,,,,,,,,,,,,,,https://wandb.ai/nvr-israel/qwen3-router-training/runs/6bd9pc38,False,,,
dtyjdrtm,ptload_n1_rlc0.05_g0.95_aux0.01_norm_PPO_ent0.01_c256_r35,11oi7yzk,per-token-rl-sweep,finished,RL + Aux,True,True,False,False,False,False,False,False,1500.0,True,0.05,0.01,per_token_load_weighted,0.95,,,,,1.0,0.01,ppo,critic,[256],True,,,,,,,,,,,3270.7099609375,3.8467187881469727,,,,,,,,,,,,,,,,,https://wandb.ai/nvr-israel/qwen3-router-training/runs/dtyjdrtm,False,,,
mt6n4w3e,ptbin_n2_rlc0.05_g0.95_aux0.01_norm_PPO_ent0.01_c256_r39,11oi7yzk,per-token-rl-sweep,finished,RL + Aux,True,True,False,False,False,False,False,False,1500.0,True,0.05,0.01,per_token_topn_binary,0.95,,,,,2.0,0.01,ppo,critic,[256],True,,,,,,,,,,,3187.929931640625,4.083402633666992,,,,,,,,,,,,,,,,,https://wandb.ai/nvr-israel/qwen3-router-training/runs/mt6n4w3e,False,,,
ff73cmo6,ptbin_n2_rlc0.05_g0.95_noaux_norm_PPO_ent0.01_c256_r38,11oi7yzk,per-token-rl-sweep,finished,RL,True,False,False,False,False,False,False,False,1500.0,True,0.05,0.0,per_token_topn_binary,0.95,,,,,2.0,0.01,ppo,critic,[256],True,,,,,,,,,,,3402.550048828125,3.984271049499512,,,,,,,,,,,,,,,,,https://wandb.ai/nvr-israel/qwen3-router-training/runs/ff73cmo6,False,,,
w8bemq6w,ptload_n1_rlc0.05_g0.95_noaux_norm_PPO_ent0.01_c256_r34,11oi7yzk,per-token-rl-sweep,finished,RL,True,False,False,False,False,False,False,False,1500.0,True,0.05,0.0,per_token_load_weighted,0.95,,,,,1.0,0.01,ppo,critic,[256],True,,,,,,,,,,,3666.89990234375,3.67850399017334,,,,,,,,,,,,,,,,,https://wandb.ai/nvr-israel/qwen3-router-training/runs/w8bemq6w,False,,,
k5i0kd7j,ptbin_n1_rlc0.05_g0.95_noaux_norm_PPO_ent0.01_c256_r32,11oi7yzk,per-token-rl-sweep,finished,RL,True,False,False,False,False,False,False,False,1500.0,True,0.05,0.0,per_token_topn_binary,0.95,,,,,1.0,0.01,ppo,critic,[256],True,,,,,,,,,,,3470.449951171875,3.886317729949951,,,,,,,,,,,,,,,,,https://wandb.ai/nvr-israel/qwen3-router-training/runs/k5i0kd7j,False,,,
rvuyim17,ptbin_n1_rlc0.05_g0.95_aux0.01_norm_PPO_ent0.01_c256_r33,11oi7yzk,per-token-rl-sweep,finished,RL + Aux,True,True,False,False,False,False,False,False,1500.0,True,0.05,0.01,per_token_topn_binary,0.95,,,,,1.0,0.01,ppo,critic,[256],True,,,,,,,,,,,3139.260009765625,4.118829250335693,,,,,,,,,,,,,,,,,https://wandb.ai/nvr-israel/qwen3-router-training/runs/rvuyim17,False,,,
1qickdjf,ptbin_n6_rlc0.05_g0.2_aux0.01_norm_PPO_ent0.01_c256_r31,11oi7yzk,per-token-rl-sweep,finished,RL + Aux,True,True,False,False,False,False,False,False,1500.0,True,0.05,0.01,per_token_topn_binary,0.2,,,,,6.0,0.01,ppo,critic,[256],True,,,,,,,,,,,3461.64990234375,3.0807044506073,,,,,,,,,,,,,,,,,https://wandb.ai/nvr-israel/qwen3-router-training/runs/1qickdjf,False,,,
i9x6dk57,ptbin_n6_rlc0.05_g0.2_noaux_norm_PPO_ent0.01_c256_r30,11oi7yzk,per-token-rlL-sweep,finished,RL,True,False,False,False,False,False,False,False,1500.0,True,0.05,0.0,per_token_topn_binary,0.2,,,,,6.0,0.01,ppo,critic,[256],True,,,,,,,,,,,3995.93994140625,2.935257196426392,,,,,,,,,,,,,,,,,https://wandb.ai/nvr-israel/qwen3-router-training/runs/i9x6dk57,False,,,
zcma2v27,ptbin_n2_rlc0.05_g0.2_aux0.01_norm_PPO_ent0.01_c256_r29,11oi7yzk,per-token-rl-sweep,finished,RL + Aux,True,True,False,False,False,False,False,False,1500.0,True,0.05,0.01,per_token_topn_binary,0.2,,,,,2.0,0.01,ppo,critic,[256],True,,,,,,,,,,,3443.929931640625,3.0823090076446533,,,,,,,,,,,,,,,,,https://wandb.ai/nvr-israel/qwen3-router-training/runs/zcma2v27,False,,,
s1ihgb6u,ptbin_n2_rlc0.05_g0.2_noaux_norm_PPO_ent0.01_c256_r28,11oi7yzk,per-token-rl-sweep,finished,RL,True,False,False,False,False,False,False,False,1500.0,True,0.05,0.0,per_token_topn_binary,0.2,,,,,2.0,0.01,ppo,critic,[256],True,,,,,,,,,,,5568.16015625,7.182543754577637,,,,,,,,,,,,,,,,,https://wandb.ai/nvr-israel/qwen3-router-training/runs/s1ihgb6u,False,,,
pzhyh4fq,crit_n1_rlc0.05_g0.2_aux0.01_norm_PPO_ent0.01_c256_r27,11oi7yzk,per-token-rl-sweep,finished,RL + Aux,True,True,False,False,False,False,False,False,1500.0,True,0.05,0.01,critical_path,0.2,,,,,1.0,0.01,ppo,critic,[256],True,,,,,,,,,,,3570.0,2.738826036453247,,,,,,,,,,,,,,,,,https://wandb.ai/nvr-israel/qwen3-router-training/runs/pzhyh4fq,False,,,
bzbjtwq1,crit_n1_rlc0.05_g0.2_noaux_norm_PPO_ent0.01_c256_r26,11oi7yzk,per-token-rl-sweep,finished,RL,True,False,False,False,False,False,False,False,1500.0,True,0.05,0.0,critical_path,0.2,,,,,1.0,0.01,ppo,critic,[256],True,,,,,,,,,,,4509.18994140625,2.657469749450684,,,,,,,,,,,,,,,,,https://wandb.ai/nvr-israel/qwen3-router-training/runs/bzbjtwq1,False,,,
bufs7po3,ptload_n1_rlc0.05_g0.2_aux0.01_norm_PPO_ent0.01_c256_r25,11oi7yzk,per-token-rl-sweep,finished,RL + Aux,True,True,False,False,False,False,False,False,1500.0,True,0.05,0.01,per_token_load_weighted,0.2,,,,,1.0,0.01,ppo,critic,[256],True,,,,,,,,,,,3517.47998046875,2.893949031829834,,,,,,,,,,,,,,,,,https://wandb.ai/nvr-israel/qwen3-router-training/runs/bufs7po3,False,,,
mucd8v5o,ptload_n1_rlc0.05_g0.2_noaux_norm_PPO_ent0.01_c256_r24,11oi7yzk,per-token-rl-sweep,finished,RL,True,False,False,False,False,False,False,False,1500.0,True,0.05,0.0,per_token_load_weighted,0.2,,,,,1.0,0.01,ppo,critic,[256],True,,,,,,,,,,,4177.14990234375,2.831699848175049,,,,,,,,,,,,,,,,,https://wandb.ai/nvr-israel/qwen3-router-training/runs/mucd8v5o,False,,,
kj23wsdv,ptbin_n1_rlc0.05_g0.2_aux0.01_norm_PPO_ent0.01_c256_r23,11oi7yzk,per-token-rl-sweep,finished,RL + Aux,True,True,False,False,False,False,False,False,1500.0,True,0.05,0.01,per_token_topn_binary,0.2,,,,,1.0,0.01,ppo,critic,[256],True,,,,,,,,,,,3455.909912109375,3.122600078582764,,,,,,,,,,,,,,,,,https://wandb.ai/nvr-israel/qwen3-router-training/runs/kj23wsdv,False,,,
x4afzx3s,ptbin_n1_rlc0.05_g0.2_noaux_norm_PPO_ent0.01_c256_r22,11oi7yzk,per-token-rl-sweep,finished,RL,True,False,False,False,False,False,False,False,1500.0,True,0.05,0.0,per_token_topn_binary,0.2,,,,,1.0,0.01,ppo,critic,[256],True,,,,,,,,,,,3957.300048828125,2.8319308757781982,,,,,,,,,,,,,,,,,https://wandb.ai/nvr-israel/qwen3-router-training/runs/x4afzx3s,False,,,
qd28d87f,ptbin_n6_rlc0.1_g0.95_aux0.01_norm_PPO_ent0.01_c256_r21,11oi7yzk,per-token-rl-sweep,finished,RL + Aux,True,True,False,False,False,False,False,False,1500.0,True,0.1,0.01,per_token_topn_binary,0.95,,,,,6.0,0.01,ppo,critic,[256],True,,,,,,,,,,,3136.139892578125,4.725017070770264,,,,,,,,,,,,,,,,,https://wandb.ai/nvr-israel/qwen3-router-training/runs/qd28d87f,False,,,
rtjiz344,ptbin_n6_rlc0.1_g0.95_noaux_norm_PPO_ent0.01_c256_r20,11oi7yzk,per-token-rl-sweep,finished,RL,True,False,False,False,False,False,False,False,1500.0,True,0.1,0.0,per_token_topn_binary,0.95,,,,,6.0,0.01,ppo,critic,[256],True,,,,,,,,,,,5373.6298828125,12.109966278076172,,,,,,,,,,,,,,,,,https://wandb.ai/nvr-israel/qwen3-router-training/runs/rtjiz344,False,,,
vo1ylnq3,ptbin_n2_rlc0.1_g0.95_aux0.01_norm_PPO_ent0.01_c256_r19,11oi7yzk,per-token-rl-sweep,finished,RL + Aux,True,True,False,False,False,False,False,False,1500.0,True,0.1,0.01,per_token_topn_binary,0.95,,,,,2.0,0.01,ppo,critic,[256],True,,,,,,,,,,,3137.31005859375,4.665943622589111,,,,,,,,,,,,,,,,,https://wandb.ai/nvr-israel/qwen3-router-training/runs/vo1ylnq3,False,,,
zwh79r9g,ptbin_n2_rlc0.1_g0.95_noaux_norm_PPO_ent0.01_c256_r18,11oi7yzk,per-token-rl-sweep,finished,RL,True,False,False,False,False,False,False,False,1500.0,True,0.1,0.0,per_token_topn_binary,0.95,,,,,2.0,0.01,ppo,critic,[256],True,,,,,,,,,,,3467.1201171875,4.470030784606934,,,,,,,,,,,,,,,,,https://wandb.ai/nvr-israel/qwen3-router-training/runs/zwh79r9g,False,,,
zhkgjcq2,ptbin_n1_rlc0.1_g0.95_aux0.01_norl_norm_PPO_ent0.01_c256_r17,11oi7yzk,per-token-rl-sweep,finished,Aux,False,True,False,False,False,False,False,False,1500.0,False,0.1,0.01,per_token_topn_binary,0.95,,,,,1.0,0.01,ppo,critic,[256],True,,,,,,,,,,,3569.389892578125,2.7400643825531006,,,,,,,,,,,,,,,,,https://wandb.ai/nvr-israel/qwen3-router-training/runs/zhkgjcq2,False,,,
ie8jy9x7,crit_n1_rlc0.1_g0.95_aux0.01_norm_PPO_ent0.01_c256_r16,11oi7yzk,per-token-rl-sweep,finished,RL + Aux,True,True,False,False,False,False,False,False,1500.0,True,0.1,0.01,critical_path,0.95,,,,,1.0,0.01,ppo,critic,[256],True,,,,,,,,,,,3562.949951171875,2.74053168296814,,,,,,,,,,,,,,,,,https://wandb.ai/nvr-israel/qwen3-router-training/runs/ie8jy9x7,False,,,
n34pu8qw,crit_n1_rlc0.1_g0.95_noaux_norm_PPO_ent0.01_c256_r15,11oi7yzk,per-token-rl-sweep,finished,RL,True,False,False,False,False,False,False,False,1500.0,True,0.1,0.0,critical_path,0.95,,,,,1.0,0.01,ppo,critic,[256],True,,,,,,,,,,,4496.81982421875,2.656203031539917,,,,,,,,,,,,,,,,,https://wandb.ai/nvr-israel/qwen3-router-training/runs/n34pu8qw,False,,,
jfunqqvt,ptload_n1_rlc0.1_g0.95_aux0.01_norm_PPO_ent0.01_c256_r14,11oi7yzk,per-token-rl-sweep,finished,RL + Aux,True,True,False,False,False,False,False,False,1500.0,True,0.1,0.01,per_token_load_weighted,0.95,,,,,1.0,0.01,ppo,critic,[256],True,,,,,,,,,,,3207.719970703125,4.165672779083252,,,,,,,,,,,,,,,,,https://wandb.ai/nvr-israel/qwen3-router-training/runs/jfunqqvt,False,,,
54jj6x0t,ptload_n1_rlc0.1_g0.95_noaux_norm_PPO_ent0.01_c256_r13,11oi7yzk,per-token-rl-sweep,finished,RL,True,False,False,False,False,False,False,False,1500.0,True,0.1,0.0,per_token_load_weighted,0.95,,,,,1.0,0.01,ppo,critic,[256],True,,,,,,,,,,,3473.800048828125,4.2466888427734375,,,,,,,,,,,,,,,,,https://wandb.ai/nvr-israel/qwen3-router-training/runs/54jj6x0t,False,,,
x3415bci,ptbin_n1_rlc0.1_g0.95_aux0.01_norm_PPO_ent0.01_c256_r12,11oi7yzk,per-token-rl-sweep,finished,RL + Aux,True,True,False,False,False,False,False,False,1500.0,True,0.1,0.01,per_token_topn_binary,0.95,,,,,1.0,0.01,ppo,critic,[256],True,,,,,,,,,,,3132.169921875,4.52436637878418,,,,,,,,,,,,,,,,,https://wandb.ai/nvr-israel/qwen3-router-training/runs/x3415bci,False,,,
xbp4cnup,ptbin_n1_rlc0.1_g0.95_noaux_norm_PPO_ent0.01_c256_r11,11oi7yzk,per-token-rl-sweep,finished,RL,True,False,False,False,False,False,False,False,1500.0,True,0.1,0.0,per_token_topn_binary,0.95,,,,,1.0,0.01,ppo,critic,[256],True,,,,,,,,,,,3354.10009765625,4.348169803619385,,,,,,,,,,,,,,,,,https://wandb.ai/nvr-israel/qwen3-router-training/runs/xbp4cnup,False,,,
5mw7il9f,ptbin_n6_rlc0.1_g0.2_aux0.01_norm_PPO_ent0.01_c256_r10,11oi7yzk,per-token-rl-sweep,finished,RL + Aux,True,True,False,False,False,False,False,False,1500.0,True,0.1,0.01,per_token_topn_binary,0.2,,,,,6.0,0.01,ppo,critic,[256],True,,,,,,,,,,,3510.52001953125,3.2495546340942383,,,,,,,,,,,,,,,,,https://wandb.ai/nvr-israel/qwen3-router-training/runs/5mw7il9f,False,,,
me0xjcx3,ptbin_n6_rlc0.1_g0.2_noaux_norm_PPO_ent0.01_c256_r09,11oi7yzk,per-token-rl-sweep,finished,RL,True,False,False,False,False,False,False,False,1500.0,True,0.1,0.0,per_token_topn_binary,0.2,,,,,6.0,0.01,ppo,critic,[256],True,,,,,,,,,,,3807.110107421875,2.9217374324798584,,,,,,,,,,,,,60.3,51.9,67.9,60.03,https://wandb.ai/nvr-israel/qwen3-router-training/runs/me0xjcx3,False,,,
sqiy082m,ptbin_n2_rlc0.1_g0.2_aux0.01_norm_PPO_ent0.01_c256_r08,11oi7yzk,per-token-rl-sweep,finished,RL + Aux,True,True,False,False,False,False,False,False,1500.0,True,0.1,0.01,per_token_topn_binary,0.2,,,,,2.0,0.01,ppo,critic,[256],True,,,,,,,,,,,3330.090087890625,3.608227252960205,,,,,,,,,,,,,,,,,https://wandb.ai/nvr-israel/qwen3-router-training/runs/sqiy082m,False,,,
95auf4gi,ptbin_n2_rlc0.1_g0.2_noaux_norm_PPO_ent0.01_c256_r07,11oi7yzk,per-token-rl-sweep,finished,RL,True,False,False,False,False,False,False,False,1500.0,True,0.1,0.0,per_token_topn_binary,0.2,,,,,2.0,0.01,ppo,critic,[256],True,,,,,,,,,,,3837.3701171875,3.127237558364868,,,,,,,,,,,,,,,,,https://wandb.ai/nvr-israel/qwen3-router-training/runs/95auf4gi,False,,,
zxqmvufr,ptbin_n1_rlc0.1_g0.2_aux0.01_norl_norm_PPO_ent0.01_c256_r06,11oi7yzk,per-token-rl-sweep,finished,Aux,False,True,False,False,False,False,False,False,1500.0,False,0.1,0.01,per_token_topn_binary,0.2,,,,,1.0,0.01,ppo,critic,[256],True,,,,,,,,,,,3568.510009765625,2.7388274669647217,,,,,,,,,,,,,62.8,51.6,69.3,61.23,https://wandb.ai/nvr-israel/qwen3-router-training/runs/zxqmvufr,False,,,
mjueemgb,crit_n1_rlc0.1_g0.2_aux0.01_norm_PPO_ent0.01_c256_r05,11oi7yzk,per-token-rl-sweep,finished,RL + Aux,True,True,False,False,False,False,False,False,1500.0,True,0.1,0.01,critical_path,0.2,,,,,1.0,0.01,ppo,critic,[256],True,,,,,,,,,,,3565.080078125,2.740264654159546,,,,,,,,,,,,,,,,,https://wandb.ai/nvr-israel/qwen3-router-training/runs/mjueemgb,False,,,
r6i98fnu,crit_n1_rlc0.1_g0.2_noaux_norm_PPO_ent0.01_c256_r04,11oi7yzk,per-token-rl-sweep,finished,RL,True,False,False,False,False,False,False,False,1500.0,True,0.1,0.0,critical_path,0.2,,,,,1.0,0.01,ppo,critic,[256],True,,,,,,,,,,,4503.08984375,2.656874418258667,,,,,,,,,,,,,,,,,https://wandb.ai/nvr-israel/qwen3-router-training/runs/r6i98fnu,False,,,
n72oj73c,ptload_n1_rlc0.1_g0.2_aux0.01_norm_PPO_ent0.01_c256_r03,11oi7yzk,per-token-rl-sweep,finished,RL + Aux,True,True,False,False,False,False,False,False,1500.0,True,0.1,0.01,per_token_load_weighted,0.2,,,,,1.0,0.01,ppo,critic,[256],True,,,,,,,,,,,3502.35009765625,3.026329755783081,,,,,,,,,,,,,,,,,https://wandb.ai/nvr-israel/qwen3-router-training/runs/n72oj73c,False,,,
ajhkc6uk,ptload_n1_rlc0.1_g0.2_noaux_norm_PPO_ent0.01_c256_r02,11oi7yzk,per-token-rl-sweep,finished,RL,True,False,False,False,False,False,False,False,1500.0,True,0.1,0.0,per_token_load_weighted,0.2,,,,,1.0,0.01,ppo,critic,[256],True,,,,,,,,,,,4003.530029296875,2.8118841648101807,,,,,,,,,,,,,,,,,https://wandb.ai/nvr-israel/qwen3-router-training/runs/ajhkc6uk,False,,,
ol5s7dd6,ptbin_n1_rlc0.1_g0.2_aux0.01_norm_PPO_ent0.01_c256_r01,11oi7yzk,per-token-rl-sweep,finished,RL + Aux,True,True,False,False,False,False,False,False,1500.0,True,0.1,0.01,per_token_topn_binary,0.2,,,,,1.0,0.01,ppo,critic,[256],True,,,,,,,,,,,3271.820068359375,3.661152839660645,,,,,,,,,,,,,,,,,https://wandb.ai/nvr-israel/qwen3-router-training/runs/ol5s7dd6,False,,,
topb7awg,ptbin_n1_rlc0.1_g0.2_noaux_norm_PPO_ent0.01_c256_r00,11oi7yzk,per-token-rl-sweep,finished,RL,True,False,False,False,False,False,False,False,1500.0,True,0.1,0.0,per_token_topn_binary,0.2,,,,,1.0,0.01,ppo,critic,[256],True,,,,,,,,,,,4266.16015625,3.953306198120117,,,,,,,,,,,,,,,,,https://wandb.ai/nvr-israel/qwen3-router-training/runs/topb7awg,False,,,
awdyt43h,ptbin_n6_rlc0.01_g0.5_norm_PPO_ent0.01_c256_clip0.3_ema_lcrit_aux0.01_r96,7ipzq6s6,rl-v3-sweep,finished,RL + Aux,True,True,False,False,False,False,False,False,3000.0,True,0.01,0.01,per_token_topn_binary,0.5,,,,,6.0,0.01,ppo,critic,[256],True,,,,,,,,,,,3467.280029296875,2.776719570159912,0.2557116746902466,30.883234133943915,,,,,,,,,,,,,,,https://wandb.ai/nvr-israel/qwen3-router-training/runs/awdyt43h,False,,,
ozit657b,ptbin_n6_rlc0.01_g0.5_norm_PPO_ent0.01_c256_clip0.3_ema_nocrit_aux0.01_r95,7ipzq6s6,rl-v3-sweep,finished,RL + Aux,True,True,False,False,False,False,False,False,3000.0,True,0.01,0.01,per_token_topn_binary,0.5,,,,,6.0,0.01,ppo,critic,[256],True,,,,,,,,,,,3466.35009765625,2.775434970855713,0.2557554543018341,31.70437233708799,,,,,,,,,,,,,,,https://wandb.ai/nvr-israel/qwen3-router-training/runs/ozit657b,False,,,
k94dzb3p,ptbin_n6_rlc0.01_g0.5_norm_PPO_ent0.01_c256_clip0.3_lcrit_aux0.01_r94,7ipzq6s6,rl-v3-sweep,finished,RL + Aux,True,True,False,False,False,False,False,False,3000.0,True,0.01,0.01,per_token_topn_binary,0.5,,,,,6.0,0.01,ppo,critic,[256],True,,,,,,,,,,,3463.830078125,2.773573398590088,0.2557910084724426,70.15567553136498,,,,,,,,,,,,,,,https://wandb.ai/nvr-israel/qwen3-router-training/runs/k94dzb3p,False,,,
bhmvs6rs,ptbin_n6_rlc0.01_g0.5_norm_PPO_ent0.01_c256_clip0.3_nocrit_aux0.01_r93,7ipzq6s6,rl-v3-sweep,finished,RL + Aux,True,True,False,False,False,False,False,False,3000.0,True,0.01,0.01,per_token_topn_binary,0.5,,,,,6.0,0.01,ppo,critic,[256],True,,,,,,,,,,,3457.3701171875,2.7737250328063965,0.2557009160518646,61.14020808786154,,,,,,,,,,,,,,,https://wandb.ai/nvr-israel/qwen3-router-training/runs/bhmvs6rs,False,,,
zqc3v18z,ptbin_n2_rlc0.01_g0.5_norm_PPO_ent0.01_c256_clip0.3_ema_lcrit_aux0.01_r92,7ipzq6s6,rl-v3-sweep,finished,RL + Aux,True,True,False,False,False,False,False,False,3000.0,True,0.01,0.01,per_token_topn_binary,0.5,,,,,2.0,0.01,ppo,critic,[256],True,,,,,,,,,,,3467.510009765625,2.7757363319396973,0.2557820975780487,53.02299912599847,,,,,,,,,,,,,,,https://wandb.ai/nvr-israel/qwen3-router-training/runs/zqc3v18z,False,,,
ywyalphi,ptbin_n2_rlc0.01_g0.5_norm_PPO_ent0.01_c256_clip0.3_ema_nocrit_aux0.01_r91,7ipzq6s6,rl-v3-sweep,finished,RL + Aux,True,True,False,False,False,False,False,False,3000.0,True,0.01,0.01,per_token_topn_binary,0.5,,,,,2.0,0.01,ppo,critic,[256],True,,,,,,,,,,,3467.43994140625,2.774629831314087,0.2554470002651214,71.8048348762095,,,,,,,,,,,,,,,https://wandb.ai/nvr-israel/qwen3-router-training/runs/ywyalphi,False,,,
orxja7iw,ptbin_n2_rlc0.01_g0.5_norm_PPO_ent0.01_c256_clip0.3_lcrit_aux0.01_r90,7ipzq6s6,rl-v3-sweep,finished,RL + Aux,True,True,False,False,False,False,False,False,3000.0,True,0.01,0.01,per_token_topn_binary,0.5,,,,,2.0,0.01,ppo,critic,[256],True,,,,,,,,,,,3457.989990234375,2.7762200832366943,0.2558062672615051,31.390011955052618,,,,,,,,,,,,,,,https://wandb.ai/nvr-israel/qwen3-router-training/runs/orxja7iw,False,,,
co5cbdy7,ptbin_n2_rlc0.01_g0.5_norm_PPO_ent0.01_c256_clip0.3_nocrit_aux0.01_r89,7ipzq6s6,rl-v3-sweep,finished,RL + Aux,True,True,False,False,False,False,False,False,3000.0,True,0.01,0.01,per_token_topn_binary,0.5,,,,,2.0,0.01,ppo,critic,[256],True,,,,,,,,,,,3454.639892578125,2.7773163318634038,0.2557199895381927,30.176168872974813,,,,,,,,,,,,,,,https://wandb.ai/nvr-israel/qwen3-router-training/runs/co5cbdy7,False,,,
e4xva9he,ptbin_n6_rlc0.01_g0.5_norm_PPO_ent0.01_c256_clip0.2_ema_lcrit_aux0.01_r88,7ipzq6s6,rl-v3-sweep,finished,RL + Aux,True,True,False,False,False,False,False,False,3000.0,True,0.01,0.01,per_token_topn_binary,0.5,,,,,6.0,0.01,ppo,critic,[256],True,,,,,,,,,,,3467.06005859375,2.7739508152008057,0.2558373808860779,68.91940565034747,,,,,,,,,,,,,,,https://wandb.ai/nvr-israel/qwen3-router-training/runs/e4xva9he,False,,,
3hl6s4dp,ptbin_n6_rlc0.01_g0.5_norm_PPO_ent0.01_c256_clip0.2_ema_nocrit_aux0.01_r87,7ipzq6s6,rl-v3-sweep,finished,RL + Aux,True,True,False,False,False,False,False,False,3000.0,True,0.01,0.01,per_token_topn_binary,0.5,,,,,6.0,0.01,ppo,critic,[256],True,,,,,,,,,,,3464.93994140625,2.776344537734986,0.2556571066379547,34.609068571124226,,,,,,,,,,,,,,,https://wandb.ai/nvr-israel/qwen3-router-training/runs/3hl6s4dp,False,,,
gkfuazcu,ptbin_n6_rlc0.01_g0.5_norm_PPO_ent0.01_c256_clip0.2_lcrit_aux0.01_r86,7ipzq6s6,rl-v3-sweep,finished,RL + Aux,True,True,False,False,False,False,False,False,3000.0,True,0.01,0.01,per_token_topn_binary,0.5,,,,,6.0,0.01,ppo,critic,[256],True,,,,,,,,,,,3462.929931640625,2.7755396366119385,0.2557786107063293,74.65396443801001,,,,,,,,,,,,,,,https://wandb.ai/nvr-israel/qwen3-router-training/runs/gkfuazcu,False,,,
jel98z1q,ptbin_n2_rlc0.01_g0.5_norm_PPO_ent0.01_c256_clip0.2_ema_lcrit_aux0.01_r84,7ipzq6s6,rl-v3-sweep,finished,RL + Aux,True,True,False,False,False,False,False,False,3000.0,True,0.01,0.01,per_token_topn_binary,0.5,,,,,2.0,0.01,ppo,critic,[256],True,,,,,,,,,,,3463.35009765625,2.775082588195801,0.2558247447013855,80.32565039861947,,,,,,,,,,,,,,,https://wandb.ai/nvr-israel/qwen3-router-training/runs/jel98z1q,False,,,
yh7jwr4k,ptbin_n2_rlc0.01_g0.5_norm_PPO_ent0.01_c256_clip0.2_ema_nocrit_aux0.01_r83,7ipzq6s6,rl-v3-sweep,finished,RL + Aux,True,True,False,False,False,False,False,False,3000.0,True,0.01,0.01,per_token_topn_binary,0.5,,,,,2.0,0.01,ppo,critic,[256],True,,,,,,,,,,,3465.7900390625,2.7750232219696045,0.2559220790863037,33.82345054997131,,,,,,,,,,,,,,,https://wandb.ai/nvr-israel/qwen3-router-training/runs/yh7jwr4k,False,,,
uw829t32,ptbin_n2_rlc0.01_g0.5_norm_PPO_ent0.01_c256_clip0.2_lcrit_aux0.01_r82,7ipzq6s6,rl-v3-sweep,finished,RL + Aux,True,True,False,False,False,False,False,False,3000.0,True,0.01,0.01,per_token_topn_binary,0.5,,,,,2.0,0.01,ppo,critic,[256],True,,,,,,,,,,,3461.719970703125,2.774127244949341,0.2552866637706756,53.22367765987292,,,,,,,,,,,,,,,https://wandb.ai/nvr-israel/qwen3-router-training/runs/uw829t32,False,,,
8z93qg6v,ptbin_n2_rlc0.01_g0.5_norm_PPO_ent0.01_c256_clip0.2_nocrit_aux0.01_r81,7ipzq6s6,rl-v3-sweep,finished,RL + Aux,True,True,False,False,False,False,False,False,3000.0,True,0.01,0.01,per_token_topn_binary,0.5,,,,,2.0,0.01,ppo,critic,[256],True,,,,,,,,,,,3461.800048828125,2.7727792263031006,0.2556246221065521,33.18748167157173,,,,,,,,,,,,,,,https://wandb.ai/nvr-israel/qwen3-router-training/runs/8z93qg6v,False,,,
0m197jpn,ptbin_n6_rlc0.01_g0.5_norm_PPO_ent0.01_c256_clip0.1_ema_lcrit_aux0.01_r80,7ipzq6s6,rl-v3-sweep,finished,RL + Aux,True,True,False,False,False,False,False,False,3000.0,True,0.01,0.01,per_token_topn_binary,0.5,,,,,6.0,0.01,ppo,critic,[256],True,,,,,,,,,,,3461.820068359375,2.774029016494751,0.2556042671203613,69.339144222904,,,,,,,,,,,,,,,https://wandb.ai/nvr-israel/qwen3-router-training/runs/0m197jpn,False,,,
m5tndv49,ptbin_n6_rlc0.01_g0.5_norm_PPO_ent0.01_c256_clip0.1_ema_nocrit_aux0.01_r79,7ipzq6s6,rl-v3-sweep,finished,RL + Aux,True,True,False,False,False,False,False,False,3000.0,True,0.01,0.01,per_token_topn_binary,0.5,,,,,6.0,0.01,ppo,critic,[256],True,,,,,,,,,,,3465.0400390625,2.7743942737579346,0.2557397782802582,38.23211106378585,,,,,,,,,,,,,,,https://wandb.ai/nvr-israel/qwen3-router-training/runs/m5tndv49,False,,,
qi1b9c6b,ptbin_n6_rlc0.01_g0.5_norm_PPO_ent0.01_c256_clip0.1_lcrit_aux0.01_r78,7ipzq6s6,rl-v3-sweep,finished,RL + Aux,True,True,False,False,False,False,False,False,3000.0,True,0.01,0.01,per_token_topn_binary,0.5,,,,,6.0,0.01,ppo,critic,[256],True,,,,,,,,,,,3463.64990234375,2.775130271911621,0.255790650844574,29.70110683934763,,,,,,,,,,,,,,,https://wandb.ai/nvr-israel/qwen3-router-training/runs/qi1b9c6b,False,,,
cq1ybsom,ptbin_n6_rlc0.01_g0.5_norm_PPO_ent0.01_c256_clip0.1_nocrit_aux0.01_r77,7ipzq6s6,rl-v3-sweep,finished,RL + Aux,True,True,False,False,False,False,False,False,3000.0,True,0.01,0.01,per_token_topn_binary,0.5,,,,,6.0,0.01,ppo,critic,[256],True,,,,,,,,,,,3464.389892578125,2.7752742767333984,0.255888432264328,76.59884535707533,,,,,,,,,,,,,,,https://wandb.ai/nvr-israel/qwen3-router-training/runs/cq1ybsom,False,,,
bm6j3d1b,ptbin_n2_rlc0.01_g0.5_norm_PPO_ent0.01_c256_clip0.1_ema_lcrit_aux0.01_r76,7ipzq6s6,rl-v3-sweep,finished,RL + Aux,True,True,False,False,False,False,False,False,3000.0,True,0.01,0.01,per_token_topn_binary,0.5,,,,,2.0,0.01,ppo,critic,[256],True,,,,,,,,,,,3470.8701171875,2.7733991146087646,0.2557310163974762,31.124137465842068,,,,,,,,,,,,,,,https://wandb.ai/nvr-israel/qwen3-router-training/runs/bm6j3d1b,False,,,
v7uvwrqu,ptbin_n2_rlc0.01_g0.5_norm_PPO_ent0.01_c256_clip0.1_ema_nocrit_aux0.01_r75,7ipzq6s6,rl-v3-sweep,finished,RL + Aux,True,True,False,False,False,False,False,False,3000.0,True,0.01,0.01,per_token_topn_binary,0.5,,,,,2.0,0.01,ppo,critic,[256],True,,,,,,,,,,,3466.070068359375,2.7746005058288574,0.2556172907352447,72.97328648995608,,,,,,,,,,,,,,,https://wandb.ai/nvr-israel/qwen3-router-training/runs/v7uvwrqu,False,,,
u0c8udnd,ptbin_n2_rlc0.01_g0.5_norm_PPO_ent0.01_c256_clip0.1_nocrit_aux0.01_r73,7ipzq6s6,rl-v3-sweep,finished,RL + Aux,True,True,False,False,False,False,False,False,3000.0,True,0.01,0.01,per_token_topn_binary,0.5,,,,,2.0,0.01,ppo,critic,[256],True,,,,,,,,,,,3460.510009765625,2.776505708694458,0.2559092044830322,35.978825805243105,,,,,,,,,,,,,,,https://wandb.ai/nvr-israel/qwen3-router-training/runs/u0c8udnd,False,,,
xz1zcnvc,ptbin_n6_rlc0.01_g0_norm_PPO_ent0.01_c256_clip0.3_ema_lcrit_aux0.01_r72,7ipzq6s6,rl-v3-sweep,finished,RL + Aux,True,True,False,False,False,False,False,False,3000.0,True,0.01,0.01,per_token_topn_binary,0.0,,,,,6.0,0.01,ppo,critic,[256],True,,,,,,,,,,,3464.89990234375,2.775333881378174,0.2556207180023193,29.32054056180641,,,,,,,,,,,,,,,https://wandb.ai/nvr-israel/qwen3-router-training/runs/xz1zcnvc,False,,,
kwd79he9,ptbin_n6_rlc0.01_g0_norm_PPO_ent0.01_c256_clip0.3_ema_nocrit_aux0.01_r71,7ipzq6s6,rl-v3-sweep,finished,RL + Aux,True,True,False,False,False,False,False,False,3000.0,True,0.01,0.01,per_token_topn_binary,0.0,,,,,6.0,0.01,ppo,critic,[256],True,,,,,,,,,,,3467.840087890625,2.775397062301636,0.2557350695133209,30.244004775304347,,,,,,,,,,,,,,,https://wandb.ai/nvr-israel/qwen3-router-training/runs/kwd79he9,False,,,
danw11ot,ptbin_n6_rlc0.01_g0_norm_PPO_ent0.01_c256_clip0.3_lcrit_aux0.01_r70,7ipzq6s6,rl-v3-sweep,finished,RL + Aux,True,True,False,False,False,False,False,False,3000.0,True,0.01,0.01,per_token_topn_binary,0.0,,,,,6.0,0.01,ppo,critic,[256],True,,,,,,,,,,,3458.110107421875,2.7755825519561768,0.2559351027011871,30.214825472794477,,,,,,,,,,,,,,,https://wandb.ai/nvr-israel/qwen3-router-training/runs/danw11ot,False,,,
s8tryhuq,ptbin_n6_rlc0.01_g0_norm_PPO_ent0.01_c256_clip0.3_nocrit_aux0.01_r69,7ipzq6s6,rl-v3-sweep,finished,RL + Aux,True,True,False,False,False,False,False,False,3000.0,True,0.01,0.01,per_token_topn_binary,0.0,,,,,6.0,0.01,ppo,critic,[256],True,,,,,,,,,,,3456.6201171875,2.7755770683288574,0.2555566430091858,30.82009976543486,,,,,,,,,,,,,,,https://wandb.ai/nvr-israel/qwen3-router-training/runs/s8tryhuq,False,,,
395yjntc,ptbin_n2_rlc0.01_g0_norm_PPO_ent0.01_c256_clip0.3_ema_lcrit_aux0.01_r68,7ipzq6s6,rl-v3-sweep,finished,RL + Aux,True,True,False,False,False,False,False,False,3000.0,True,0.01,0.01,per_token_topn_binary,0.0,,,,,2.0,0.01,ppo,critic,[256],True,,,,,,,,,,,3468.14990234375,2.7757644653320312,0.2556748688220978,34.91174939647317,,,,,,,,,,,,,,,https://wandb.ai/nvr-israel/qwen3-router-training/runs/395yjntc,False,,,
5nhg2k66,ptbin_n2_rlc0.01_g0_norm_PPO_ent0.01_c256_clip0.3_ema_nocrit_aux0.01_r67,7ipzq6s6,rl-v3-sweep,finished,RL + Aux,True,True,False,False,False,False,False,False,3000.0,True,0.01,0.01,per_token_topn_binary,0.0,,,,,2.0,0.01,ppo,critic,[256],True,,,,,,,,,,,3461.989990234375,2.775700330734253,0.2557495534420013,30.58015099586919,,,,,,,,,,,,,,,https://wandb.ai/nvr-israel/qwen3-router-training/runs/5nhg2k66,False,,,
qsrn8pfg,ptbin_n2_rlc0.01_g0_norm_PPO_ent0.01_c256_clip0.3_lcrit_aux0.01_r66,7ipzq6s6,rl-v3-sweep,finished,RL + Aux,True,True,False,False,False,False,False,False,3000.0,True,0.01,0.01,per_token_topn_binary,0.0,,,,,2.0,0.01,ppo,critic,[256],True,,,,,,,,,,,3454.659912109375,2.776491165161133,0.2555718719959259,30.780457105953246,,,,,,,,,,,,,,,https://wandb.ai/nvr-israel/qwen3-router-training/runs/qsrn8pfg,False,,,
qvoy15jz,ptbin_n2_rlc0.01_g0_norm_PPO_ent0.01_c256_clip0.3_nocrit_aux0.01_r65,7ipzq6s6,rl-v3-sweep,finished,RL + Aux,True,True,False,False,False,False,False,False,3000.0,True,0.01,0.01,per_token_topn_binary,0.0,,,,,2.0,0.01,ppo,critic,[256],True,,,,,,,,,,,3459.989990234375,2.777293920516968,0.2556857764720917,66.2167534690816,,,,,,,,,,,,,,,https://wandb.ai/nvr-israel/qwen3-router-training/runs/qvoy15jz,False,,,
syfolfqq,ptbin_n6_rlc0.01_g0_norm_PPO_ent0.01_c256_clip0.2_ema_lcrit_aux0.01_r64,7ipzq6s6,rl-v3-sweep,finished,RL + Aux,True,True,False,False,False,False,False,False,3000.0,True,0.01,0.01,per_token_topn_binary,0.0,,,,,6.0,0.01,ppo,critic,[256],True,,,,,,,,,,,3471.6201171875,2.774027109146118,0.2557792365550995,30.586775093106557,,,,,,,,,,,,,,,https://wandb.ai/nvr-israel/qwen3-router-training/runs/syfolfqq,False,,,
czjw5cd5,ptbin_n6_rlc0.01_g0_norm_PPO_ent0.01_c256_clip0.2_ema_nocrit_aux0.01_r63,7ipzq6s6,rl-v3-sweep,finished,RL + Aux,True,True,False,False,False,False,False,False,3000.0,True,0.01,0.01,per_token_topn_binary,0.0,,,,,6.0,0.01,ppo,critic,[256],True,,,,,,,,,,,3462.35009765625,2.7732174396514893,0.255741149187088,28.83095249859616,,,,,,,,,,,,,,,https://wandb.ai/nvr-israel/qwen3-router-training/runs/czjw5cd5,False,,,
kn3c80i8,ptbin_n6_rlc0.01_g0_norm_PPO_ent0.01_c256_clip0.2_lcrit_aux0.01_r62,7ipzq6s6,rl-v3-sweep,finished,RL + Aux,True,True,False,False,False,False,False,False,3000.0,True,0.01,0.01,per_token_topn_binary,0.0,,,,,6.0,0.01,ppo,critic,[256],True,,,,,,,,,,,3461.070068359375,2.7750513553619385,0.255805492401123,58.61638403125107,,,,,,,,,,,,,,,https://wandb.ai/nvr-israel/qwen3-router-training/runs/kn3c80i8,False,,,
q7jb5kvu,ptbin_n6_rlc0.01_g0_norm_PPO_ent0.01_c256_clip0.2_nocrit_aux0.01_r61,7ipzq6s6,rl-v3-sweep,finished,RL + Aux,True,True,False,False,False,False,False,False,3000.0,True,0.01,0.01,per_token_topn_binary,0.0,,,,,6.0,0.01,ppo,critic,[256],True,,,,,,,,,,,3454.27001953125,2.7753963470458984,0.2557792067527771,61.69123707059771,,,,,,,,,,,,,,,https://wandb.ai/nvr-israel/qwen3-router-training/runs/q7jb5kvu,False,,,
lczdwldn,ptbin_n2_rlc0.01_g0_norm_PPO_ent0.01_c256_clip0.2_ema_lcrit_aux0.01_r60,7ipzq6s6,rl-v3-sweep,finished,RL + Aux,True,True,False,False,False,False,False,False,3000.0,True,0.01,0.01,per_token_topn_binary,0.0,,,,,2.0,0.01,ppo,critic,[256],True,,,,,,,,,,,3465.60009765625,2.7775192260742188,0.2558473646640777,64.21517948526889,,,,,,,,,,,,,,,https://wandb.ai/nvr-israel/qwen3-router-training/runs/lczdwldn,False,,,
otqd038v,ptbin_n2_rlc0.01_g0_norm_PPO_ent0.01_c256_clip0.2_ema_nocrit_aux0.01_r59,7ipzq6s6,rl-v3-sweep,finished,RL + Aux,True,True,False,False,False,False,False,False,3000.0,True,0.01,0.01,per_token_topn_binary,0.0,,,,,2.0,0.01,ppo,critic,[256],True,,,,,,,,,,,3471.030029296875,2.773794651031494,0.2559110224246979,60.20502248499543,,,,,,,,,,,,,,,https://wandb.ai/nvr-israel/qwen3-router-training/runs/otqd038v,False,,,
435n1lbp,ptbin_n2_rlc0.01_g0_norm_PPO_ent0.01_c256_clip0.2_lcrit_aux0.01_r58,7ipzq6s6,rl-v3-sweep,finished,RL + Aux,True,True,False,False,False,False,False,False,3000.0,True,0.01,0.01,per_token_topn_binary,0.0,,,,,2.0,0.01,ppo,critic,[256],True,,,,,,,,,,,3461.1201171875,2.7741990089416504,0.2557274997234344,67.99091252591461,,,,,,,,,,,,,,,https://wandb.ai/nvr-israel/qwen3-router-training/runs/435n1lbp,False,,,
d4mu19rx,ptbin_n2_rlc0.01_g0_norm_PPO_ent0.01_c256_clip0.2_nocrit_aux0.01_r57,7ipzq6s6,rl-v3-sweep,finished,RL + Aux,True,True,False,False,False,False,False,False,3000.0,True,0.01,0.01,per_token_topn_binary,0.0,,,,,2.0,0.01,ppo,critic,[256],True,,,,,,,,,,,3461.27001953125,2.774089097976685,0.2557833194732666,65.50609296595212,,,,,,,,,,,,,,,https://wandb.ai/nvr-israel/qwen3-router-training/runs/d4mu19rx,False,,,
ka2mo7jb,ptbin_n6_rlc0.01_g0_norm_PPO_ent0.01_c256_clip0.1_ema_lcrit_aux0.01_r56,7ipzq6s6,rl-v3-sweep,finished,RL + Aux,True,True,False,False,False,False,False,False,3000.0,True,0.01,0.01,per_token_topn_binary,0.0,,,,,6.0,0.01,ppo,critic,[256],True,,,,,,,,,,,3470.35009765625,2.774367570877075,0.2559301853179931,30.665417833952237,,,,,,,,,,,,,,,https://wandb.ai/nvr-israel/qwen3-router-training/runs/ka2mo7jb,False,,,
qjktvo1l,ptbin_n6_rlc0.01_g0_norm_PPO_ent0.01_c256_clip0.1_ema_nocrit_aux0.01_r55,7ipzq6s6,rl-v3-sweep,finished,RL + Aux,True,True,False,False,False,False,False,False,3000.0,True,0.01,0.01,per_token_topn_binary,0.0,,,,,6.0,0.01,ppo,critic,[256],True,,,,,,,,,,,3478.949951171875,2.8010950088500977,0.2555865049362182,66.18583479104564,,,,,,,,,,,,,,,https://wandb.ai/nvr-israel/qwen3-router-training/runs/qjktvo1l,False,,,
7jxegfsv,ptbin_n6_rlc0.01_g0_norm_PPO_ent0.01_c256_clip0.1_lcrit_aux0.01_r54,7ipzq6s6,rl-v3-sweep,finished,RL + Aux,True,True,False,False,False,False,False,False,3000.0,True,0.01,0.01,per_token_topn_binary,0.0,,,,,6.0,0.01,ppo,critic,[256],True,,,,,,,,,,,3466.239990234375,2.8031530380249023,0.2555129528045654,28.84212819300592,,,,,,,,,,,,,,,https://wandb.ai/nvr-israel/qwen3-router-training/runs/7jxegfsv,False,,,
7msmavtl,ptbin_n2_rlc0.01_g0_norm_PPO_ent0.01_c256_clip0.1_ema_lcrit_aux0.01_r52,7ipzq6s6,rl-v3-sweep,finished,RL + Aux,True,True,False,False,False,False,False,False,3000.0,True,0.01,0.01,per_token_topn_binary,0.0,,,,,2.0,0.01,ppo,critic,[256],True,,,,,,,,,,,3469.550048828125,2.7996513843536377,0.2555507719516754,28.18439757078886,,,,,,,,,,,,,,,https://wandb.ai/nvr-israel/qwen3-router-training/runs/7msmavtl,False,,,
rxvexxzx,ptbin_n2_rlc0.01_g0_norm_PPO_ent0.01_c256_clip0.1_ema_nocrit_aux0.01_r51,7ipzq6s6,rl-v3-sweep,finished,RL + Aux,True,True,False,False,False,False,False,False,3000.0,True,0.01,0.01,per_token_topn_binary,0.0,,,,,2.0,0.01,ppo,critic,[256],True,,,,,,,,,,,3478.010009765625,2.801210880279541,0.25533527135849,53.988049626816064,,,,,,,,,,,,,,,https://wandb.ai/nvr-israel/qwen3-router-training/runs/rxvexxzx,False,,,
lcn9hgoi,ptbin_n2_rlc0.01_g0_norm_PPO_ent0.01_c256_clip0.1_lcrit_aux0.01_r50,7ipzq6s6,rl-v3-sweep,finished,RL + Aux,True,True,False,False,False,False,False,False,3000.0,True,0.01,0.01,per_token_topn_binary,0.0,,,,,2.0,0.01,ppo,critic,[256],True,,,,,,,,,,,3467.97998046875,2.7995874881744385,0.2551910281181335,50.7928239479661,,,,,,,,,,,,,,,https://wandb.ai/nvr-israel/qwen3-router-training/runs/lcn9hgoi,False,,,
9kyiwihk,ptbin_n2_rlc0.01_g0_norm_PPO_ent0.01_c256_clip0.1_nocrit_aux0.01_r49,7ipzq6s6,rl-v3-sweep,finished,RL + Aux,True,True,False,False,False,False,False,False,3000.0,True,0.01,0.01,per_token_topn_binary,0.0,,,,,2.0,0.01,ppo,critic,[256],True,,,,,,,,,,,3453.860107421875,2.801107406616211,0.2552058696746826,28.89319883706048,,,,,,,,,,,,,,,https://wandb.ai/nvr-israel/qwen3-router-training/runs/9kyiwihk,False,,,
t78scfu1,ptbin_n6_rlc0.005_g0.5_norm_PPO_ent0.01_c256_clip0.3_ema_lcrit_aux0.01_r48,7ipzq6s6,rl-v3-sweep,finished,RL + Aux,True,True,False,False,False,False,False,False,3000.0,True,0.005,0.01,per_token_topn_binary,0.5,,,,,6.0,0.01,ppo,critic,[256],True,,,,,,,,,,,3480.699951171875,2.7857348918914795,0.2560431063175201,65.95294221211225,,,,,,,,,,,,,,,https://wandb.ai/nvr-israel/qwen3-router-training/runs/t78scfu1,False,,,
jcx0v9m6,ptbin_n6_rlc0.005_g0.5_norm_PPO_ent0.01_c256_clip0.3_ema_nocrit_aux0.01_r47,7ipzq6s6,rl-v3-sweep,finished,RL + Aux,True,True,False,False,False,False,False,False,3000.0,True,0.005,0.01,per_token_topn_binary,0.5,,,,,6.0,0.01,ppo,critic,[256],True,,,,,,,,,,,3482.7900390625,2.788407564163208,0.2557195723056793,28.900519164744765,,,,,,,,,,,,,,,https://wandb.ai/nvr-israel/qwen3-router-training/runs/jcx0v9m6,False,,,
v7d06gmv,ptbin_n6_rlc0.005_g0.5_norm_PPO_ent0.01_c256_clip0.3_nocrit_aux0.01_r45,7ipzq6s6,rl-v3-sweep,finished,RL + Aux,True,True,False,False,False,False,False,False,3000.0,True,0.005,0.01,per_token_topn_binary,0.5,,,,,6.0,0.01,ppo,critic,[256],True,,,,,,,,,,,3475.72998046875,2.7861483097076416,0.2561248540878296,29.75464891921729,,,,,,,,,,,,,,,https://wandb.ai/nvr-israel/qwen3-router-training/runs/v7d06gmv,False,,,
1d0c28a1,ptbin_n2_rlc0.005_g0.5_norm_PPO_ent0.01_c256_clip0.3_ema_lcrit_aux0.01_r44,7ipzq6s6,rl-v3-sweep,finished,RL + Aux,True,True,False,False,False,False,False,False,3000.0,True,0.005,0.01,per_token_topn_binary,0.5,,,,,2.0,0.01,ppo,critic,[256],True,,,,,,,,,,,3478.52001953125,2.7875900268554688,0.2557608783245086,59.12783926771954,,,,,,,,,,,,,,,https://wandb.ai/nvr-israel/qwen3-router-training/runs/1d0c28a1,False,,,
6ij15342,ptbin_n2_rlc0.005_g0.5_norm_PPO_ent0.01_c256_clip0.3_ema_nocrit_aux0.01_r43,7ipzq6s6,rl-v3-sweep,finished,RL + Aux,True,True,False,False,False,False,False,False,3000.0,True,0.005,0.01,per_token_topn_binary,0.5,,,,,2.0,0.01,ppo,critic,[256],True,,,,,,,,,,,3475.5,2.788682460784912,0.2554996609687805,35.16668078582734,,,,,,,,,,,,,,,https://wandb.ai/nvr-israel/qwen3-router-training/runs/6ij15342,False,,,
jlzfma2d,ptbin_n2_rlc0.005_g0.5_norm_PPO_ent0.01_c256_clip0.3_lcrit_aux0.01_r42,7ipzq6s6,rl-v3-sweep,finished,RL + Aux,True,True,False,False,False,False,False,False,3000.0,True,0.005,0.01,per_token_topn_binary,0.5,,,,,2.0,0.01,ppo,critic,[256],True,,,,,,,,,,,3466.85009765625,2.787299156188965,0.2557826936244964,29.056255197152492,,,,,,,,,,,,,,,https://wandb.ai/nvr-israel/qwen3-router-training/runs/jlzfma2d,False,,,
ndrj9ohr,ptbin_n2_rlc0.005_g0.5_norm_PPO_ent0.01_c256_clip0.3_nocrit_aux0.01_r41,7ipzq6s6,rl-v3-sweep,finished,RL + Aux,True,True,False,False,False,False,False,False,3000.0,True,0.005,0.01,per_token_topn_binary,0.5,,,,,2.0,0.01,ppo,critic,[256],True,,,,,,,,,,,3477.3701171875,2.7884061336517334,0.2558715939521789,28.749233323615044,,,,,,,,,,,,,,,https://wandb.ai/nvr-israel/qwen3-router-training/runs/ndrj9ohr,False,,,
u0lree7r,ptbin_n6_rlc0.005_g0.5_norm_PPO_ent0.01_c256_clip0.2_ema_lcrit_aux0.01_r40,7ipzq6s6,rl-v3-sweep,finished,RL + Aux,True,True,False,False,False,False,False,False,3000.0,True,0.005,0.01,per_token_topn_binary,0.5,,,,,6.0,0.01,ppo,critic,[256],True,,,,,,,,,,,3470.550048828125,2.7891149520874023,0.2555112540721893,28.42041348479688,,,,,,,,,,,,,,,https://wandb.ai/nvr-israel/qwen3-router-training/runs/u0lree7r,False,,,
0ja2sc70,ptbin_n6_rlc0.005_g0.5_norm_PPO_ent0.01_c256_clip0.2_ema_nocrit_aux0.01_r39,7ipzq6s6,rl-v3-sweep,finished,RL + Aux,True,True,False,False,False,False,False,False,3000.0,True,0.005,0.01,per_token_topn_binary,0.5,,,,,6.0,0.01,ppo,critic,[256],True,,,,,,,,,,,3482.89990234375,2.7861971855163574,0.2556467652320862,27.825014722067863,,,,,,,,,,,,,,,https://wandb.ai/nvr-israel/qwen3-router-training/runs/0ja2sc70,False,,,
ntttao6k,ptbin_n6_rlc0.005_g0.5_norm_PPO_ent0.01_c256_clip0.2_lcrit_aux0.01_r38,7ipzq6s6,rl-v3-sweep,finished,RL + Aux,True,True,False,False,False,False,False,False,3000.0,True,0.005,0.01,per_token_topn_binary,0.5,,,,,6.0,0.01,ppo,critic,[256],True,,,,,,,,,,,3474.300048828125,2.786742210388184,0.2558467984199524,72.0436193482019,,,,,,,,,,,,,,,https://wandb.ai/nvr-israel/qwen3-router-training/runs/ntttao6k,False,,,
xzoury64,ptbin_n6_rlc0.005_g0.5_norm_PPO_ent0.01_c256_clip0.2_nocrit_aux0.01_r37,7ipzq6s6,rl-v3-sweep,finished,RL + Aux,True,True,False,False,False,False,False,False,3000.0,True,0.005,0.01,per_token_topn_binary,0.5,,,,,6.0,0.01,ppo,critic,[256],True,,,,,,,,,,,3456.9599609375,2.7894885540008545,0.2558302879333496,33.21821860503405,,,,,,,,,,,,,,,https://wandb.ai/nvr-israel/qwen3-router-training/runs/xzoury64,False,,,
7khr407b,ptbin_n2_rlc0.005_g0.5_norm_PPO_ent0.01_c256_clip0.2_ema_lcrit_aux0.01_r36,7ipzq6s6,rl-v3-sweep,finished,RL + Aux,True,True,False,False,False,False,False,False,3000.0,True,0.005,0.01,per_token_topn_binary,0.5,,,,,2.0,0.01,ppo,critic,[256],True,,,,,,,,,,,3466.800048828125,2.7870352268218994,0.2559240758419037,64.56118114013225,,,,,,,,,,,,,,,https://wandb.ai/nvr-israel/qwen3-router-training/runs/7khr407b,False,,,
6ttv65et,ptbin_n2_rlc0.005_g0.5_norm_PPO_ent0.01_c256_clip0.2_ema_nocrit_aux0.01_r35,7ipzq6s6,rl-v3-sweep,finished,RL + Aux,True,True,False,False,False,False,False,False,3000.0,True,0.005,0.01,per_token_topn_binary,0.5,,,,,2.0,0.01,ppo,critic,[256],True,,,,,,,,,,,3481.800048828125,2.787482261657715,0.2557547986507416,28.79732542997226,,,,,,,,,,,,,,,https://wandb.ai/nvr-israel/qwen3-router-training/runs/6ttv65et,False,,,
75zon6tr,ptbin_n2_rlc0.005_g0.5_norm_PPO_ent0.01_c256_clip0.2_lcrit_aux0.01_r34,7ipzq6s6,rl-v3-sweep,finished,RL + Aux,True,True,False,False,False,False,False,False,3000.0,True,0.005,0.01,per_token_topn_binary,0.5,,,,,2.0,0.01,ppo,critic,[256],True,,,,,,,,,,,3471.8701171875,2.7847769260406494,0.2558968365192413,27.98868506902363,,,,,,,,,,,,,,,https://wandb.ai/nvr-israel/qwen3-router-training/runs/75zon6tr,False,,,
jcrixtua,ptbin_n2_rlc0.005_g0.5_norm_PPO_ent0.01_c256_clip0.2_nocrit_aux0.01_r33,7ipzq6s6,rl-v3-sweep,finished,RL + Aux,True,True,False,False,False,False,False,False,3000.0,True,0.005,0.01,per_token_topn_binary,0.5,,,,,2.0,0.01,ppo,critic,[256],True,,,,,,,,,,,3476.22998046875,2.787031650543213,0.2557411789894104,66.5321232099086,,,,,,,,,,,,,,,https://wandb.ai/nvr-israel/qwen3-router-training/runs/jcrixtua,False,,,
s8yc0dma,ptbin_n6_rlc0.005_g0.5_norm_PPO_ent0.01_c256_clip0.1_ema_lcrit_aux0.01_r32,7ipzq6s6,rl-v3-sweep,finished,RL + Aux,True,True,False,False,False,False,False,False,3000.0,True,0.005,0.01,per_token_topn_binary,0.5,,,,,6.0,0.01,ppo,critic,[256],True,,,,,,,,,,,3471.949951171875,2.786355495452881,0.255689263343811,28.27930145245045,,,,,,,,,,,,,,,https://wandb.ai/nvr-israel/qwen3-router-training/runs/s8yc0dma,False,,,
85hu2atj,ptbin_n6_rlc0.005_g0.5_norm_PPO_ent0.01_c256_clip0.1_ema_nocrit_aux0.01_r31,7ipzq6s6,rl-v3-sweep,finished,RL + Aux,True,True,False,False,False,False,False,False,3000.0,True,0.005,0.01,per_token_topn_binary,0.5,,,,,6.0,0.01,ppo,critic,[256],True,,,,,,,,,,,3469.6201171875,2.787807941436768,0.2556396722793579,55.766862568911165,,,,,,,,,,,,,,,https://wandb.ai/nvr-israel/qwen3-router-training/runs/85hu2atj,False,,,
2lpyu5vu,ptbin_n6_rlc0.005_g0.5_norm_PPO_ent0.01_c256_clip0.1_lcrit_aux0.01_r30,7ipzq6s6,rl-v3-sweep,finished,RL + Aux,True,True,False,False,False,False,False,False,3000.0,True,0.005,0.01,per_token_topn_binary,0.5,,,,,6.0,0.01,ppo,critic,[256],True,,,,,,,,,,,3478.449951171875,2.7906482219696045,0.2554433345794678,53.9121689228341,,,,,,,,,,,,,,,https://wandb.ai/nvr-israel/qwen3-router-training/runs/2lpyu5vu,False,,,
nvftsqn1,ptbin_n6_rlc0.005_g0.5_norm_PPO_ent0.01_c256_clip0.1_nocrit_aux0.01_r29,7ipzq6s6,rl-v3-sweep,finished,RL + Aux,True,True,False,False,False,False,False,False,3000.0,True,0.005,0.01,per_token_topn_binary,0.5,,,,,6.0,0.01,ppo,critic,[256],True,,,,,,,,,,,3469.360107421875,2.7876622676849365,0.2556683421134949,68.35390500724316,,,,,,,,,,,,,,,https://wandb.ai/nvr-israel/qwen3-router-training/runs/nvftsqn1,False,,,
82hf6iet,ptbin_n2_rlc0.005_g0.5_norm_PPO_ent0.01_c256_clip0.1_ema_lcrit_aux0.01_r28,7ipzq6s6,rl-v3-sweep,finished,RL + Aux,True,True,False,False,False,False,False,False,3000.0,True,0.005,0.01,per_token_topn_binary,0.5,,,,,2.0,0.01,ppo,critic,[256],True,,,,,,,,,,,3475.469970703125,2.786831855773926,0.2556854486465454,28.016948067583144,,,,,,,,,,,,,,,https://wandb.ai/nvr-israel/qwen3-router-training/runs/82hf6iet,False,,,
pqxk87a5,ptbin_n2_rlc0.005_g0.5_norm_PPO_ent0.01_c256_clip0.1_ema_nocrit_aux0.01_r27,7ipzq6s6,rl-v3-sweep,finished,RL + Aux,True,True,False,False,False,False,False,False,3000.0,True,0.005,0.01,per_token_topn_binary,0.5,,,,,2.0,0.01,ppo,critic,[256],True,,,,,,,,,,,3476.360107421875,2.787515878677368,0.255877673625946,62.67167840700131,,,,,,,,,,,,,,,https://wandb.ai/nvr-israel/qwen3-router-training/runs/pqxk87a5,False,,,
0w6ly5u3,ptbin_n2_rlc0.005_g0.5_norm_PPO_ent0.01_c256_clip0.1_lcrit_aux0.01_r26,7ipzq6s6,rl-v3-sweep,finished,RL + Aux,True,True,False,False,False,False,False,False,3000.0,True,0.005,0.01,per_token_topn_binary,0.5,,,,,2.0,0.01,ppo,critic,[256],True,,,,,,,,,,,3476.159912109375,2.788120746612549,0.2559676170349121,28.370256376918405,,,,,,,,,,,,,,,https://wandb.ai/nvr-israel/qwen3-router-training/runs/0w6ly5u3,False,,,
7o8ib3x6,ptbin_n2_rlc0.005_g0.5_norm_PPO_ent0.01_c256_clip0.1_nocrit_aux0.01_r25,7ipzq6s6,rl-v3-sweep,finished,RL + Aux,True,True,False,False,False,False,False,False,3000.0,True,0.005,0.01,per_token_topn_binary,0.5,,,,,2.0,0.01,ppo,critic,[256],True,,,,,,,,,,,3464.1298828125,2.7895493507385254,,,,,,,,,,,,,,,,,https://wandb.ai/nvr-israel/qwen3-router-training/runs/7o8ib3x6,False,,,
aced4dng,ptbin_n6_rlc0.005_g0_norm_PPO_ent0.01_c256_clip0.3_ema_lcrit_aux0.01_r24,7ipzq6s6,rl-v3-sweep,finished,RL + Aux,True,True,False,False,False,False,False,False,3000.0,True,0.005,0.01,per_token_topn_binary,0.0,,,,,6.0,0.01,ppo,critic,[256],True,,,,,,,,,,,3476.5,2.7882678508758545,,,,,,,,,,,,,,,,,https://wandb.ai/nvr-israel/qwen3-router-training/runs/aced4dng,False,,,
1tjo6tho,ptbin_n6_rlc0.005_g0_norm_PPO_ent0.01_c256_clip0.3_ema_nocrit_aux0.01_r23,7ipzq6s6,rl-v3-sweep,finished,RL + Aux,True,True,False,False,False,False,False,False,3000.0,True,0.005,0.01,per_token_topn_binary,0.0,,,,,6.0,0.01,ppo,critic,[256],True,,,,,,,,,,,3471.52001953125,2.7882871627807617,,,,,,,,,,,,,,,,,https://wandb.ai/nvr-israel/qwen3-router-training/runs/1tjo6tho,False,,,
jx4jublj,ptbin_n6_rlc0.005_g0_norm_PPO_ent0.01_c256_clip0.3_lcrit_aux0.01_r22,7ipzq6s6,rl-v3-sweep,finished,RL + Aux,True,True,False,False,False,False,False,False,3000.0,True,0.005,0.01,per_token_topn_binary,0.0,,,,,6.0,0.01,ppo,critic,[256],True,,,,,,,,,,,3471.699951171875,2.7891650199890137,,,,,,,,,,,,,,,,,https://wandb.ai/nvr-israel/qwen3-router-training/runs/jx4jublj,False,,,
0slsqzuf,ptbin_n2_rlc0.005_g0_norm_PPO_ent0.01_c256_clip0.3_ema_lcrit_aux0.01_r20,7ipzq6s6,rl-v3-sweep,finished,RL + Aux,True,True,False,False,False,False,False,False,3000.0,True,0.005,0.01,per_token_topn_binary,0.0,,,,,2.0,0.01,ppo,critic,[256],True,,,,,,,,,,,3468.530029296875,2.788356304168701,,,,,,,,,,,,,,,,,https://wandb.ai/nvr-israel/qwen3-router-training/runs/0slsqzuf,False,,,
a1gp86x2,ptbin_n2_rlc0.005_g0_norm_PPO_ent0.01_c256_clip0.3_ema_nocrit_aux0.01_r19,7ipzq6s6,rl-v3-sweep,finished,RL + Aux,True,True,False,False,False,False,False,False,3000.0,True,0.005,0.01,per_token_topn_binary,0.0,,,,,2.0,0.01,ppo,critic,[256],True,,,,,,,,,,,3479.0,2.78701114654541,,,,,,,,,,,,,,,,,https://wandb.ai/nvr-israel/qwen3-router-training/runs/a1gp86x2,False,,,
nwgybxh2,ptbin_n2_rlc0.005_g0_norm_PPO_ent0.01_c256_clip0.3_lcrit_aux0.01_r18,7ipzq6s6,rl-v3-sweep,finished,RL + Aux,True,True,False,False,False,False,False,False,3000.0,True,0.005,0.01,per_token_topn_binary,0.0,,,,,2.0,0.01,ppo,critic,[256],True,,,,,,,,,,,3469.81005859375,2.788596868515014,,,,,,,,,,,,,,,,,https://wandb.ai/nvr-israel/qwen3-router-training/runs/nwgybxh2,False,,,
o46k1jre,ptbin_n2_rlc0.005_g0_norm_PPO_ent0.01_c256_clip0.3_nocrit_aux0.01_r17,7ipzq6s6,rl-v3-sweep,finished,RL + Aux,True,True,False,False,False,False,False,False,3000.0,True,0.005,0.01,per_token_topn_binary,0.0,,,,,2.0,0.01,ppo,critic,[256],True,,,,,,,,,,,3461.14990234375,2.787747859954834,,,,,,,,,,,,,,,,,https://wandb.ai/nvr-israel/qwen3-router-training/runs/o46k1jre,False,,,
r2ww3tk8,ptbin_n6_rlc0.005_g0_norm_PPO_ent0.01_c256_clip0.2_ema_lcrit_aux0.01_r16,7ipzq6s6,rl-v3-sweep,finished,RL + Aux,True,True,False,False,False,False,False,False,3000.0,True,0.005,0.01,per_token_topn_binary,0.0,,,,,6.0,0.01,ppo,critic,[256],True,,,,,,,,,,,3475.02001953125,2.7883009910583496,,,,,,,,,,,,,,,,,https://wandb.ai/nvr-israel/qwen3-router-training/runs/r2ww3tk8,False,,,
aavgy66g,ptbin_n6_rlc0.005_g0_norm_PPO_ent0.01_c256_clip0.2_lcrit_aux0.01_r14,7ipzq6s6,rl-v3-sweep,finished,RL + Aux,True,True,False,False,False,False,False,False,3000.0,True,0.005,0.01,per_token_topn_binary,0.0,,,,,6.0,0.01,ppo,critic,[256],True,,,,,,,,,,,3462.2900390625,2.789299249649048,,,,,,,,,,,,,,,,,https://wandb.ai/nvr-israel/qwen3-router-training/runs/aavgy66g,False,,,
atusphet,ptbin_n6_rlc0.005_g0_norm_PPO_ent0.01_c256_clip0.2_nocrit_aux0.01_r13,7ipzq6s6,rl-v3-sweep,finished,RL + Aux,True,True,False,False,False,False,False,False,3000.0,True,0.005,0.01,per_token_topn_binary,0.0,,,,,6.0,0.01,ppo,critic,[256],True,,,,,,,,,,,3476.090087890625,2.789525985717773,,,,,,,,,,,,,,,,,https://wandb.ai/nvr-israel/qwen3-router-training/runs/atusphet,False,,,
vuj2ouu2,ptbin_n2_rlc0.005_g0_norm_PPO_ent0.01_c256_clip0.2_ema_lcrit_aux0.01_r12,7ipzq6s6,rl-v3-sweep,finished,RL + Aux,True,True,False,False,False,False,False,False,3000.0,True,0.005,0.01,per_token_topn_binary,0.0,,,,,2.0,0.01,ppo,critic,[256],True,,,,,,,,,,,3473.389892578125,2.784519910812378,,,,,,,,,,,,,,,,,https://wandb.ai/nvr-israel/qwen3-router-training/runs/vuj2ouu2,False,,,
nu8itge2,ptbin_n2_rlc0.005_g0_norm_PPO_ent0.01_c256_clip0.2_ema_nocrit_aux0.01_r11,7ipzq6s6,rl-v3-sweep,finished,RL + Aux,True,True,False,False,False,False,False,False,3000.0,True,0.005,0.01,per_token_topn_binary,0.0,,,,,2.0,0.01,ppo,critic,[256],True,,,,,,,,,,,3479.68994140625,2.7870311737060547,,,,,,,,,,,,,,,,,https://wandb.ai/nvr-israel/qwen3-router-training/runs/nu8itge2,False,,,
1nvt49z3,ptbin_n6_rlc0.005_g0_norm_PPO_ent0.01_c256_clip0.1_ema_lcrit_aux0.01_r08,7ipzq6s6,rl-v3-sweep,finished,RL + Aux,True,True,False,False,False,False,False,False,3000.0,True,0.005,0.01,per_token_topn_binary,0.0,,,,,6.0,0.01,ppo,critic,[256],True,,,,,,,,,,,3464.679931640625,2.791712045669556,,,,,,,,,,,,,,,,,https://wandb.ai/nvr-israel/qwen3-router-training/runs/1nvt49z3,False,,,
4a3powbr,ptbin_n6_rlc0.005_g0_norm_PPO_ent0.01_c256_clip0.1_ema_nocrit_aux0.01_r07,7ipzq6s6,rl-v3-sweep,finished,RL + Aux,True,True,False,False,False,False,False,False,3000.0,True,0.005,0.01,per_token_topn_binary,0.0,,,,,6.0,0.01,ppo,critic,[256],True,,,,,,,,,,,3481.550048828125,2.789785146713257,,,,,,,,,,,,,,,,,https://wandb.ai/nvr-israel/qwen3-router-training/runs/4a3powbr,False,,,
j0xdjw0u,ptbin_n6_rlc0.005_g0_norm_PPO_ent0.01_c256_clip0.1_lcrit_aux0.01_r06,7ipzq6s6,rl-v3-sweep,finished,RL + Aux,True,True,False,False,False,False,False,False,3000.0,True,0.005,0.01,per_token_topn_binary,0.0,,,,,6.0,0.01,ppo,critic,[256],True,,,,,,,,,,,3478.43994140625,2.787440776824951,,,,,,,,,,,,,,,,,https://wandb.ai/nvr-israel/qwen3-router-training/runs/j0xdjw0u,False,,,
kyhoib3e,ptbin_n6_rlc0.005_g0_norm_PPO_ent0.01_c256_clip0.1_nocrit_aux0.01_r05,7ipzq6s6,rl-v3-sweep,finished,RL + Aux,True,True,False,False,False,False,False,False,3000.0,True,0.005,0.01,per_token_topn_binary,0.0,,,,,6.0,0.01,ppo,critic,[256],True,,,,,,,,,,,3472.43994140625,2.787004947662353,,,,,,,,,,,,,,,,,https://wandb.ai/nvr-israel/qwen3-router-training/runs/kyhoib3e,False,,,
rqg4eoib,ptbin_n2_rlc0.005_g0_norm_PPO_ent0.01_c256_clip0.1_ema_lcrit_aux0.01_r04,7ipzq6s6,rl-v3-sweep,finished,RL + Aux,True,True,False,False,False,False,False,False,3000.0,True,0.005,0.01,per_token_topn_binary,0.0,,,,,2.0,0.01,ppo,critic,[256],True,,,,,,,,,,,3472.2900390625,2.789494514465332,,,,,,,,,,,,,,,,,https://wandb.ai/nvr-israel/qwen3-router-training/runs/rqg4eoib,False,,,
m5w94xch,ptbin_n2_rlc0.005_g0_norm_PPO_ent0.01_c256_clip0.1_ema_nocrit_aux0.01_r03,7ipzq6s6,rl-v3-sweep,finished,RL + Aux,True,True,False,False,False,False,False,False,3000.0,True,0.005,0.01,per_token_topn_binary,0.0,,,,,2.0,0.01,ppo,critic,[256],True,,,,,,,,,,,3473.659912109375,2.788222312927246,,,,,,,,,,,,,,,,,https://wandb.ai/nvr-israel/qwen3-router-training/runs/m5w94xch,False,,,
tjhnsdgv,ptbin_n2_rlc0.005_g0_norm_PPO_ent0.01_c256_clip0.1_lcrit_aux0.01_r02,7ipzq6s6,rl-v3-sweep,finished,RL + Aux,True,True,False,False,False,False,False,False,3000.0,True,0.005,0.01,per_token_topn_binary,0.0,,,,,2.0,0.01,ppo,critic,[256],True,,,,,,,,,,,3470.820068359375,2.7876956462860107,,,,,,,,,,,,,,,,,https://wandb.ai/nvr-israel/qwen3-router-training/runs/tjhnsdgv,False,,,
8yrn0ji0,norl_aux0.01_r01,7ipzq6s6,rl-v3-sweep,finished,Aux,False,True,False,False,False,False,False,False,3000.0,False,0.005,0.01,per_token_topn_binary,0.0,,,,,2.0,0.01,ppo,critic,[256],True,,,,,,,,,,,3474.68994140625,2.773233413696289,,,,,,,,,,,,,,,,,https://wandb.ai/nvr-israel/qwen3-router-training/runs/8yrn0ji0,False,,,
0wcbphae,ptbin_n2_rlc0.005_g0_norm_PPO_ent0.01_c256_clip0.1_nocrit_aux0.01_r00,7ipzq6s6,rl-v3-sweep,finished,RL + Aux,True,True,False,False,False,False,False,False,3000.0,True,0.005,0.01,per_token_topn_binary,0.0,,,,,2.0,0.01,ppo,critic,[256],True,,,,,,,,,,,3472.820068359375,2.788815975189209,,,,,,,,,,,,,,,,,https://wandb.ai/nvr-israel/qwen3-router-training/runs/0wcbphae,False,,,
00kd4x0z,norl_aux0.01_r37,a4i0r9oo,rl-entropy-gamma,finished,Aux,False,True,False,False,False,False,False,False,1500.0,False,0.001,0.01,entropy,0.0,,,,,1.0,0.01,ppo,critic,[256],True,,,,,,,,,,,3573.6201171875,2.7390079498291016,0.2539428472518921,51.1349733020179,,,,,,,,,,,,,,,https://wandb.ai/nvr-israel/qwen3-router-training/runs/00kd4x0z,False,,,
nn6vcwsg,norl_aux0.005_r36,a4i0r9oo,rl-entropy-gamma,finished,Aux,False,True,False,False,False,False,False,False,1500.0,False,0.001,0.005,entropy,0.0,,,,,1.0,0.01,ppo,critic,[256],True,,,,,,,,,,,3869.3798828125,2.6913115978240967,0.2535553276538849,25.222750549204648,,,,,,,,,,,64.6,53.7,70.8,63.03,https://wandb.ai/nvr-israel/qwen3-router-training/runs/nn6vcwsg,False,,,
5zc7wlva,entr_n1_rlc0.05_g0.9_norm_PPO_ent0.01_c256_ema_aux0.01_r35,a4i0r9oo,rl-entropy-gamma,finished,RL + Aux,True,True,False,False,False,False,False,False,1500.0,True,0.05,0.01,entropy,0.9,,,,,1.0,0.01,ppo,critic,[256],True,,,,,,,,,,,3566.719970703125,2.7416679859161377,0.2540954649448395,69.40253490395844,,,,,,,,,,,,,,,https://wandb.ai/nvr-israel/qwen3-router-training/runs/5zc7wlva,False,,,
mv7camke,entr_n1_rlc0.05_g0.9_norm_PPO_ent0.01_c256_ema_aux0.005_r34,a4i0r9oo,rl-entropy-gamma,finished,RL + Aux,True,True,False,False,False,False,False,False,1500.0,True,0.05,0.005,entropy,0.9,,,,,1.0,0.01,ppo,critic,[256],True,,,,,,,,,,,3868.56005859375,2.6923203468322754,0.2536061704158783,64.52738532610238,,,,,,,,,,,,,,,https://wandb.ai/nvr-israel/qwen3-router-training/runs/mv7camke,False,,,
0yii6d18,entr_n1_rlc0.05_g0.9_norm_PPO_ent0.01_c256_ema_noaux_r33,a4i0r9oo,rl-entropy-gamma,finished,RL,True,False,False,False,False,False,False,False,1500.0,True,0.05,0.0,entropy,0.9,,,,,1.0,0.01,ppo,critic,[256],True,,,,,,,,,,,4507.81982421875,2.655381202697754,0.2512992024421692,73.34913655929267,,,,,,,,,,,,,,,https://wandb.ai/nvr-israel/qwen3-router-training/runs/0yii6d18,False,,,
wdj103p4,entr_n1_rlc0.05_g0.5_norm_PPO_ent0.01_c256_ema_aux0.01_r32,a4i0r9oo,rl-entropy-gamma,finished,RL + Aux,True,True,False,False,False,False,False,False,1500.0,True,0.05,0.01,entropy,0.5,,,,,1.0,0.01,ppo,critic,[256],True,,,,,,,,,,,3576.340087890625,2.736598014831543,0.2536047101020813,35.8503638477996,,,,,,,,,,,,,,,https://wandb.ai/nvr-israel/qwen3-router-training/runs/wdj103p4,False,,,
9norif39,entr_n1_rlc0.05_g0.5_norm_PPO_ent0.01_c256_ema_aux0.005_r31,a4i0r9oo,rl-entropy-gamma,finished,RL + Aux,True,True,False,False,False,False,False,False,1500.0,True,0.05,0.005,entropy,0.5,,,,,1.0,0.01,ppo,critic,[256],True,,,,,,,,,,,3863.81005859375,2.694046258926392,0.253414124250412,32.54077810700983,,,,,,,,,,,,,,,https://wandb.ai/nvr-israel/qwen3-router-training/runs/9norif39,False,,,
szgeq99g,entr_n1_rlc0.05_g0.1_norm_PPO_ent0.01_c256_ema_aux0.01_r29,a4i0r9oo,rl-entropy-gamma,finished,RL + Aux,True,True,False,False,False,False,False,False,1500.0,True,0.05,0.01,entropy,0.1,,,,,1.0,0.01,ppo,critic,[256],True,,,,,,,,,,,3568.840087890625,2.738576889038086,0.2536704540252685,65.28105421364307,,,,,,,,,,,,,,,https://wandb.ai/nvr-israel/qwen3-router-training/runs/szgeq99g,False,,,
bz6ce90r,entr_n1_rlc0.05_g0.1_norm_PPO_ent0.01_c256_ema_aux0.005_r28,a4i0r9oo,rl-entropy-gamma,finished,RL + Aux,True,True,False,False,False,False,False,False,1500.0,True,0.05,0.005,entropy,0.1,,,,,1.0,0.01,ppo,critic,[256],True,,,,,,,,,,,3865.10009765625,2.691558599472046,0.253522515296936,31.55145000480115,,,,,,,,,,,,,,,https://wandb.ai/nvr-israel/qwen3-router-training/runs/bz6ce90r,False,,,
7nxc8i8o,entr_n1_rlc0.05_g0.1_norm_PPO_ent0.01_c256_ema_noaux_r27,a4i0r9oo,rl-entropy-gamma,finished,RL,True,False,False,False,False,False,False,False,1500.0,True,0.05,0.0,entropy,0.1,,,,,1.0,0.01,ppo,critic,[256],True,,,,,,,,,,,4508.7900390625,2.655546188354492,0.2511373460292816,59.29225676925853,,,,,,,,,,,,,,,https://wandb.ai/nvr-israel/qwen3-router-training/runs/7nxc8i8o,False,,,
qckcaxf3,entr_n1_rlc0.05_g0_norm_PPO_ent0.01_c256_ema_aux0.01_r26,a4i0r9oo,rl-entropy-gamma,finished,RL + Aux,True,True,False,False,False,False,False,False,1500.0,True,0.05,0.01,entropy,0.0,,,,,1.0,0.01,ppo,critic,[256],True,,,,,,,,,,,3566.35009765625,2.74018669128418,0.2537129521369934,28.282333055045456,,,,,,,,,,,,,,,https://wandb.ai/nvr-israel/qwen3-router-training/runs/qckcaxf3,False,,,
3uqvtv6d,entr_n1_rlc0.05_g0_norm_PPO_ent0.01_c256_ema_aux0.005_r25,a4i0r9oo,rl-entropy-gamma,finished,RL + Aux,True,True,False,False,False,False,False,False,1500.0,True,0.05,0.005,entropy,0.0,,,,,1.0,0.01,ppo,critic,[256],True,,,,,,,,,,,3869.860107421875,2.691189765930176,0.2536098062992096,31.063696641940624,,,,,,,,,,,,,,,https://wandb.ai/nvr-israel/qwen3-router-training/runs/3uqvtv6d,False,,,
mdq6roh0,entr_n1_rlc0.05_g0_norm_PPO_ent0.01_c256_ema_noaux_r24,a4i0r9oo,rl-entropy-gamma,finished,RL,True,False,False,False,False,False,False,False,1500.0,True,0.05,0.0,entropy,0.0,,,,,1.0,0.01,ppo,critic,[256],True,,,,,,,,,,,4510.85009765625,2.656058549880981,0.2514876127243042,29.135927068069577,,,,,,,,,,,,,,,https://wandb.ai/nvr-israel/qwen3-router-training/runs/mdq6roh0,False,,,
o8oyymed,entr_n1_rlc0.01_g0.9_norm_PPO_ent0.01_c256_ema_aux0.01_r23,a4i0r9oo,rl-entropy-gamma,finished,RL + Aux,True,True,False,False,False,False,False,False,1500.0,True,0.01,0.01,entropy,0.9,,,,,1.0,0.01,ppo,critic,[256],True,,,,,,,,,,,3574.570068359375,2.738002061843872,0.2536238729953766,53.91986334789544,,,,,,,,,,,,,,,https://wandb.ai/nvr-israel/qwen3-router-training/runs/o8oyymed,False,,,
4nwxzxsl,entr_n1_rlc0.01_g0.9_norm_PPO_ent0.01_c256_ema_aux0.005_r22,a4i0r9oo,rl-entropy-gamma,finished,RL + Aux,True,True,False,False,False,False,False,False,1500.0,True,0.01,0.005,entropy,0.9,,,,,1.0,0.01,ppo,critic,[256],True,,,,,,,,,,,3866.8701171875,2.692091941833496,0.2538918256759643,63.74882284319028,,,,,,,,,,,,,,,https://wandb.ai/nvr-israel/qwen3-router-training/runs/4nwxzxsl,False,,,
t03zd20f,entr_n1_rlc0.01_g0.9_norm_PPO_ent0.01_c256_ema_noaux_r21,a4i0r9oo,rl-entropy-gamma,finished,RL,True,False,False,False,False,False,False,False,1500.0,True,0.01,0.0,entropy,0.9,,,,,1.0,0.01,ppo,critic,[256],True,,,,,,,,,,,4512.47998046875,2.6561145782470703,0.2517443895339966,47.18369678640738,,,,,,,,,,,,,,,https://wandb.ai/nvr-israel/qwen3-router-training/runs/t03zd20f,False,,,
i28yp4dz,entr_n1_rlc0.01_g0.5_norm_PPO_ent0.01_c256_ema_aux0.01_r20,a4i0r9oo,rl-entropy-gamma,finished,RL + Aux,True,True,False,False,False,False,False,False,1500.0,True,0.01,0.01,entropy,0.5,,,,,1.0,0.01,ppo,critic,[256],True,,,,,,,,,,,3571.5,2.739133358001709,0.2538315653800964,41.21452831523493,,,,,,,,,,,,,,,https://wandb.ai/nvr-israel/qwen3-router-training/runs/i28yp4dz,False,,,
jfvkkrkt,entr_n1_rlc0.01_g0.5_norm_PPO_ent0.01_c256_ema_aux0.005_r19,a4i0r9oo,rl-entropy-gamma,finished,RL + Aux,True,True,False,False,False,False,False,False,1500.0,True,0.01,0.005,entropy,0.5,,,,,1.0,0.01,ppo,critic,[256],True,,,,,,,,,,,3870.1298828125,2.692382574081421,0.2536433637142181,29.21198336686939,,,,,,,,,,,,,,,https://wandb.ai/nvr-israel/qwen3-router-training/runs/jfvkkrkt,False,,,
eofnkaqp,entr_n1_rlc0.01_g0.5_norm_PPO_ent0.01_c256_ema_noaux_r18,a4i0r9oo,rl-entropy-gamma,finished,RL,True,False,False,False,False,False,False,False,1500.0,True,0.01,0.0,entropy,0.5,,,,,1.0,0.01,ppo,critic,[256],True,,,,,,,,,,,4510.330078125,2.656348943710327,0.251895546913147,63.70605882443488,,,,,,,,,,,,,,,https://wandb.ai/nvr-israel/qwen3-router-training/runs/eofnkaqp,False,,,
e6ytr7j0,entr_n1_rlc0.01_g0.1_norm_PPO_ent0.01_c256_ema_aux0.01_r17,a4i0r9oo,rl-entropy-gamma,finished,RL + Aux,True,True,False,False,False,False,False,False,1500.0,True,0.01,0.01,entropy,0.1,,,,,1.0,0.01,ppo,critic,[256],True,,,,,,,,,,,3569.43994140625,2.7397427558898926,0.2537400424480438,28.606526718940582,,,,,,,,,,,,,,,https://wandb.ai/nvr-israel/qwen3-router-training/runs/e6ytr7j0,False,,,
4xgizawa,entr_n1_rlc0.01_g0.1_norm_PPO_ent0.01_c256_ema_aux0.005_r16,a4i0r9oo,rl-entropy-gamma,finished,RL + Aux,True,True,False,False,False,False,False,False,1500.0,True,0.01,0.005,entropy,0.1,,,,,1.0,0.01,ppo,critic,[256],True,,,,,,,,,,,3869.860107421875,2.6924383640289307,0.2534167170524597,27.79179293382913,,,,,,,,,,,,,,,https://wandb.ai/nvr-israel/qwen3-router-training/runs/4xgizawa,False,,,
7yg12cly,entr_n1_rlc0.01_g0.1_norm_PPO_ent0.01_c256_ema_noaux_r15,a4i0r9oo,rl-entropy-gamma,finished,RL,True,False,False,False,False,False,False,False,1500.0,True,0.01,0.0,entropy,0.1,,,,,1.0,0.01,ppo,critic,[256],True,,,,,,,,,,,4509.9501953125,2.655088424682617,0.2515415251255035,29.73657831409946,,,,,,,,,,,,,,,https://wandb.ai/nvr-israel/qwen3-router-training/runs/7yg12cly,False,,,
xguwhdvb,entr_n1_rlc0.01_g0_norm_PPO_ent0.01_c256_ema_aux0.01_r14,a4i0r9oo,rl-entropy-gamma,finished,RL + Aux,True,True,False,False,False,False,False,False,1500.0,True,0.01,0.01,entropy,0.0,,,,,1.0,0.01,ppo,critic,[256],True,,,,,,,,,,,3573.85009765625,2.7387890815734863,0.2537294626235962,30.235279879067093,,,,,,,,,,,,,,,https://wandb.ai/nvr-israel/qwen3-router-training/runs/xguwhdvb,False,,,
24j44tw0,entr_n1_rlc0.01_g0_norm_PPO_ent0.01_c256_ema_aux0.005_r13,a4i0r9oo,rl-entropy-gamma,finished,RL + Aux,True,True,False,False,False,False,False,False,1500.0,True,0.01,0.005,entropy,0.0,,,,,1.0,0.01,ppo,critic,[256],True,,,,,,,,,,,3869.489990234375,2.690312147140503,0.2536564767360687,30.0238863886334,,,,,,,,,,,,,,,https://wandb.ai/nvr-israel/qwen3-router-training/runs/24j44tw0,False,,,
yw519r9n,entr_n1_rlc0.01_g0_norm_PPO_ent0.01_c256_ema_noaux_r12,a4i0r9oo,rl-entropy-gamma,finished,RL,True,False,False,False,False,False,False,False,1500.0,True,0.01,0.0,entropy,0.0,,,,,1.0,0.01,ppo,critic,[256],True,,,,,,,,,,,4511.68994140625,2.6568715572357178,0.2517116665840149,29.17680920381099,,,,,,,,,,,,,,,https://wandb.ai/nvr-israel/qwen3-router-training/runs/yw519r9n,False,,,
6ngi90jy,entr_n1_rlc0.001_g0.9_norm_PPO_ent0.01_c256_ema_aux0.01_r11,a4i0r9oo,rl-entropy-gamma,finished,RL + Aux,True,True,False,False,False,False,False,False,1500.0,True,0.001,0.01,entropy,0.9,,,,,1.0,0.01,ppo,critic,[256],True,,,,,,,,,,,3573.699951171875,2.738155603408813,0.2541025280952453,40.2395637803711,,,,,,,,,,,,,,,https://wandb.ai/nvr-israel/qwen3-router-training/runs/6ngi90jy,False,,,
ft67r18y,entr_n1_rlc0.001_g0.9_norm_PPO_ent0.01_c256_ema_aux0.005_r10,a4i0r9oo,rl-entropy-gamma,finished,RL + Aux,True,True,False,False,False,False,False,False,1500.0,True,0.001,0.005,entropy,0.9,,,,,1.0,0.01,ppo,critic,[256],True,,,,,,,,,,,3871.679931640625,2.692225933074951,0.2535780668258667,31.381400102749467,,,,,,,,,,,,,,,https://wandb.ai/nvr-israel/qwen3-router-training/runs/ft67r18y,False,,,
yx8usstd,entr_n1_rlc0.001_g0.9_norm_PPO_ent0.01_c256_ema_noaux_r09,a4i0r9oo,rl-entropy-gamma,finished,RL,True,False,False,False,False,False,False,False,1500.0,True,0.001,0.0,entropy,0.9,,,,,1.0,0.01,ppo,critic,[256],True,,,,,,,,,,,4511.4501953125,2.65698766708374,0.2517146468162536,58.64508853293955,,,,,,,,,,,,,,,https://wandb.ai/nvr-israel/qwen3-router-training/runs/yx8usstd,False,,,
11va0wq3,entr_n1_rlc0.001_g0.5_norm_PPO_ent0.01_c256_ema_aux0.01_r08,a4i0r9oo,rl-entropy-gamma,finished,RL + Aux,True,True,False,False,False,False,False,False,1500.0,True,0.001,0.01,entropy,0.5,,,,,1.0,0.01,ppo,critic,[256],True,,,,,,,,,,,3574.39990234375,2.738811731338501,0.2535827457904815,31.752976946067065,,,,,,,,,,,,,,,https://wandb.ai/nvr-israel/qwen3-router-training/runs/11va0wq3,False,,,
rbv3mdcb,entr_n1_rlc0.001_g0.5_norm_PPO_ent0.01_c256_ema_aux0.005_r07,a4i0r9oo,rl-entropy-gamma,finished,RL + Aux,True,True,False,False,False,False,False,False,1500.0,True,0.001,0.005,entropy,0.5,,,,,1.0,0.01,ppo,critic,[256],True,,,,,,,,,,,3870.419921875,2.691697120666504,0.2537438869476318,30.764490090310577,,,,,,,,,,,,,,,https://wandb.ai/nvr-israel/qwen3-router-training/runs/rbv3mdcb,False,,,
rqu9pjic,entr_n1_rlc0.001_g0.5_norm_PPO_ent0.01_c256_ema_noaux_r06,a4i0r9oo,rl-entropy-gamma,finished,RL,True,False,False,False,False,False,False,False,1500.0,True,0.001,0.0,entropy,0.5,,,,,1.0,0.01,ppo,critic,[256],True,,,,,,,,,,,4508.14990234375,2.655862331390381,0.251504510641098,30.88664043787867,,,,,,,,,,,,,,,https://wandb.ai/nvr-israel/qwen3-router-training/runs/rqu9pjic,False,,,
fpzor6qu,entr_n1_rlc0.001_g0.1_norm_PPO_ent0.01_c256_ema_aux0.01_r05,a4i0r9oo,rl-entropy-gamma,finished,RL + Aux,True,True,False,False,False,False,False,False,1500.0,True,0.001,0.01,entropy,0.1,,,,,1.0,0.01,ppo,critic,[256],True,,,,,,,,,,,3571.60009765625,2.7382924556732178,0.2538279592990875,33.074214939028025,,,,,,,,,,,,,,,https://wandb.ai/nvr-israel/qwen3-router-training/runs/fpzor6qu,False,,,
44gvecr5,entr_n1_rlc0.001_g0.1_norm_PPO_ent0.01_c256_ema_aux0.005_r04,a4i0r9oo,rl-entropy-gamma,finished,RL + Aux,True,True,False,False,False,False,False,False,1500.0,True,0.001,0.005,entropy,0.1,,,,,1.0,0.01,ppo,critic,[256],True,,,,,,,,,,,3870.300048828125,2.691230535507202,0.2535086870193481,31.835448627360165,,,,,,,,,,,,,,,https://wandb.ai/nvr-israel/qwen3-router-training/runs/44gvecr5,False,,,
v7v8dlox,entr_n1_rlc0.001_g0.1_norm_PPO_ent0.01_c256_ema_noaux_r03,a4i0r9oo,rl-entropy-gamma,finished,RL,True,False,False,False,False,False,False,False,1500.0,True,0.001,0.0,entropy,0.1,,,,,1.0,0.01,ppo,critic,[256],True,,,,,,,,,,,4513.52001953125,2.6577205657958984,0.2516284584999084,64.20875943498686,,,,,,,,,,,,,,,https://wandb.ai/nvr-israel/qwen3-router-training/runs/v7v8dlox,False,,,
hhul8c7k,entr_n1_rlc0.001_g0_norm_PPO_ent0.01_c256_ema_aux0.01_r02,a4i0r9oo,rl-entropy-gamma,finished,RL + Aux,True,True,False,False,False,False,False,False,1500.0,True,0.001,0.01,entropy,0.0,,,,,1.0,0.01,ppo,critic,[256],True,,,,,,,,,,,3567.35009765625,2.740194082260132,0.2540383338928222,64.78438469395041,,,,,,,,,,,,,,,https://wandb.ai/nvr-israel/qwen3-router-training/runs/hhul8c7k,False,,,
zitnio8z,entr_n1_rlc0.001_g0_norm_PPO_ent0.01_c256_ema_aux0.005_r01,a4i0r9oo,rl-entropy-gamma,finished,RL + Aux,True,True,False,False,False,False,False,False,1500.0,True,0.001,0.005,entropy,0.0,,,,,1.0,0.01,ppo,critic,[256],True,,,,,,,,,,,3865.39990234375,2.692223310470581,0.2538673877716064,35.81745050102472,,,,,,,,,,,,,,,https://wandb.ai/nvr-israel/qwen3-router-training/runs/zitnio8z,False,,,
2gw8x1rm,entr_n1_rlc0.001_g0_norm_PPO_ent0.01_c256_ema_noaux_r00,a4i0r9oo,rl-entropy-gamma,finished,RL,True,False,False,False,False,False,False,False,1500.0,True,0.001,0.0,entropy,0.0,,,,,1.0,0.01,ppo,critic,[256],True,,,,,,,,,,,4507.9599609375,2.656678438186645,0.2517651915550232,67.52858255396131,,,,,,,,,,,,,,,https://wandb.ai/nvr-israel/qwen3-router-training/runs/2gw8x1rm,False,,,
n48lk0pi,norl_aux0.01_r88,u82gtc95,cpb-sweep,finished,Aux,False,True,False,False,False,False,False,False,500.0,False,0.1,0.01,expert0,0.9,,,,,12.0,0.01,reinforce,mean,[256],False,,,,,,,,,,,4048.469970703125,2.7748751640319824,0.2547124028205871,51.02820736169815,,,,,,,,,,,,,,,https://wandb.ai/nvr-israel/qwen3-router-training/runs/n48lk0pi,False,,,
5ci9608b,norl_aux0.01_topo1.0_r87,u82gtc95,cpb-sweep,finished,Aux + Topo,False,True,False,True,False,False,False,False,500.0,False,0.1,0.01,expert0,0.9,,,,,12.0,0.01,reinforce,mean,[256],False,,,,,,True,1.0,,,,4406.22509765625,2.958617210388184,0.6179409623146057,98.42793923988938,,,,,,,,,,,,,,,https://wandb.ai/nvr-israel/qwen3-router-training/runs/5ci9608b,False,,,
kqza13qe,norl_aux0.01_topo0.5_r86,u82gtc95,cpb-sweep,finished,Aux + Topo,False,True,False,True,False,False,False,False,500.0,False,0.1,0.01,expert0,0.9,,,,,12.0,0.01,reinforce,mean,[256],False,,,,,,True,0.5,,,,4147.72998046875,2.811819553375244,0.433993250131607,89.22710924316198,,,,,,,,,,,,,,,https://wandb.ai/nvr-israel/qwen3-router-training/runs/kqza13qe,False,,,
rph7dht8,norl_aux0.01_topo0.1_r85,u82gtc95,cpb-sweep,finished,Aux + Topo,False,True,False,True,False,False,False,False,500.0,False,0.1,0.01,expert0,0.9,,,,,12.0,0.01,reinforce,mean,[256],False,,,,,,True,0.1,,,,4048.514892578125,2.7736191749572754,0.284368634223938,100.7750639775768,,,,,,,,,,,,,,,https://wandb.ai/nvr-israel/qwen3-router-training/runs/rph7dht8,False,,,
qk8ev6hc,norl_aux0.01_topo0_r84,u82gtc95,cpb-sweep,finished,Aux + Topo,False,True,False,True,False,False,False,False,500.0,False,0.1,0.01,expert0,0.9,,,,,12.0,0.01,reinforce,mean,[256],False,,,,,,True,0.0,,,,4044.264892578125,2.774705171585083,0.2548839151859283,51.3389834202826,,,,,,,,,,,,,,,https://wandb.ai/nvr-israel/qwen3-router-training/runs/qk8ev6hc,False,,,
c9ekg1gq,norl_noaux_topo1.0_r83,u82gtc95,cpb-sweep,finished,Topo,False,False,False,True,False,False,False,False,500.0,False,0.1,0.0,expert0,0.9,,,,,12.0,0.01,reinforce,mean,[256],False,,,,,,True,1.0,,,,4888.669921875,2.8968770503997803,0.5639866590499878,51.357235645875335,,,,,,,,,,,,,,,https://wandb.ai/nvr-israel/qwen3-router-training/runs/c9ekg1gq,False,,,
9bucksd6,norl_noaux_topo0.5_r82,u82gtc95,cpb-sweep,finished,Topo,False,False,False,True,False,False,False,False,500.0,False,0.1,0.0,expert0,0.9,,,,,12.0,0.01,reinforce,mean,[256],False,,,,,,True,0.5,,,,4702.47509765625,2.758436918258667,0.3952343761920929,49.98252950282768,,,,,,,,,,,,,,,https://wandb.ai/nvr-israel/qwen3-router-training/runs/9bucksd6,False,,,
q8mp6fbr,norl_noaux_topo0.1_r81,u82gtc95,cpb-sweep,finished,Topo,False,False,False,True,False,False,False,False,500.0,False,0.1,0.0,expert0,0.9,,,,,12.0,0.01,reinforce,mean,[256],False,,,,,,True,0.1,,,,4639.0400390625,2.7247354984283447,0.2753098607063293,102.2577508026734,,,,,,,,,,,,,,,https://wandb.ai/nvr-israel/qwen3-router-training/runs/q8mp6fbr,False,,,
rv75wv4r,norl_noaux_topo0_r80,u82gtc95,cpb-sweep,finished,Topo,False,False,False,True,False,False,False,False,500.0,False,0.1,0.0,expert0,0.9,,,,,12.0,0.01,reinforce,mean,[256],False,,,,,,True,0.0,,,,4633.080078125,2.725400447845459,0.2520999014377594,102.13312022481114,,,,,,,,,,,,,,,https://wandb.ai/nvr-israel/qwen3-router-training/runs/rv75wv4r,False,,,
yws04eml,norl_aux0.01_cpb_n4_a0.1_r79,u82gtc95,cpb-sweep,finished,Aux + CPB,False,True,False,False,True,False,False,False,500.0,False,0.1,0.01,expert0,0.9,,,,,12.0,0.01,reinforce,mean,[256],False,,,,,,,,True,4.0,0.1,3002.014892578125,3.6324636936187744,0.2529293000698089,103.58896424714476,,,,,,,,,,,,,,,https://wandb.ai/nvr-israel/qwen3-router-training/runs/yws04eml,False,,,
q91etazc,norl_aux0.01_topo1.0_cpb_n4_a0.1_r78,u82gtc95,cpb-sweep,finished,Aux + Topo + CPB,False,True,False,True,True,False,False,False,500.0,False,0.1,0.01,expert0,0.9,,,,,12.0,0.01,reinforce,mean,[256],False,,,,,,True,1.0,True,4.0,0.1,3006.68505859375,3.596002101898194,0.2538568675518036,100.2838914329186,,,,,,,,,,,,,,,https://wandb.ai/nvr-israel/qwen3-router-training/runs/q91etazc,False,,,
asv9jkav,norl_aux0.01_topo0.5_cpb_n4_a0.1_r77,u82gtc95,cpb-sweep,finished,Aux + Topo + CPB,False,True,False,True,True,False,False,False,500.0,False,0.1,0.01,expert0,0.9,,,,,12.0,0.01,reinforce,mean,[256],False,,,,,,True,0.5,True,4.0,0.1,2998.530029296875,3.61008095741272,0.2533476948738098,90.22655247477816,,,,,,,,,,,,,,,https://wandb.ai/nvr-israel/qwen3-router-training/runs/asv9jkav,False,,,
gztg9pqw,norl_aux0.01_topo0.1_cpb_n4_a0.1_r76,u82gtc95,cpb-sweep,finished,Aux + Topo + CPB,False,True,False,True,True,False,False,False,500.0,False,0.1,0.01,expert0,0.9,,,,,12.0,0.01,reinforce,mean,[256],False,,,,,,True,0.1,True,4.0,0.1,2996.3349609375,3.6179821491241455,0.2521109282970428,52.20856911176816,,,,,,,,,,,,,,,https://wandb.ai/nvr-israel/qwen3-router-training/runs/gztg9pqw,False,,,
tbomgrx8,norl_aux0.01_topo0_cpb_n4_a0.1_r75,u82gtc95,cpb-sweep,finished,Aux + Topo + CPB,False,True,False,True,True,False,False,False,500.0,False,0.1,0.01,expert0,0.9,,,,,12.0,0.01,reinforce,mean,[256],False,,,,,,True,0.0,True,4.0,0.1,2997.97998046875,3.630591630935669,0.25185427069664,73.26003652205691,,,,,,,,,,,,,,,https://wandb.ai/nvr-israel/qwen3-router-training/runs/tbomgrx8,False,,,
q35jtgp0,norl_noaux_cpb_n4_a0.1_r74,u82gtc95,cpb-sweep,finished,CPB,False,False,False,False,True,False,False,False,500.0,False,0.1,0.0,expert0,0.9,,,,,12.0,0.01,reinforce,mean,[256],False,,,,,,,,True,4.0,0.1,3053.35009765625,3.706706762313843,0.2516372501850128,52.02594579197466,,,,,,,,,,,,,,,https://wandb.ai/nvr-israel/qwen3-router-training/runs/q35jtgp0,False,,,
dpthudgs,norl_noaux_topo1.0_cpb_n4_a0.1_r73,u82gtc95,cpb-sweep,finished,Topo + CPB,False,False,False,True,True,False,False,False,500.0,False,0.1,0.0,expert0,0.9,,,,,12.0,0.01,reinforce,mean,[256],False,,,,,,True,1.0,True,4.0,0.1,3058.429931640625,3.662185907363891,0.2550000846385956,107.0490803020075,,,,,,,,,,,,,,,https://wandb.ai/nvr-israel/qwen3-router-training/runs/dpthudgs,False,,,
m8zsfby1,norl_noaux_topo0.5_cpb_n4_a0.1_r72,u82gtc95,cpb-sweep,finished,Topo + CPB,False,False,False,True,True,False,False,False,500.0,False,0.1,0.0,expert0,0.9,,,,,12.0,0.01,reinforce,mean,[256],False,,,,,,True,0.5,True,4.0,0.1,3055.070068359375,3.675814151763916,0.2533994317054748,103.77262665098532,,,,,,,,,,,,,,,https://wandb.ai/nvr-israel/qwen3-router-training/runs/m8zsfby1,False,,,
z7tiyqn1,norl_noaux_topo0.1_cpb_n4_a0.1_r71,u82gtc95,cpb-sweep,finished,Topo + CPB,False,False,False,True,True,False,False,False,500.0,False,0.1,0.0,expert0,0.9,,,,,12.0,0.01,reinforce,mean,[256],False,,,,,,True,0.1,True,4.0,0.1,3055.6650390625,3.7028865814208975,0.2528589367866516,54.29838643805124,,,,,,,,,,,,,,,https://wandb.ai/nvr-israel/qwen3-router-training/runs/z7tiyqn1,False,,,
uwtfxz7g,norl_noaux_topo0_cpb_n4_a0.1_r70,u82gtc95,cpb-sweep,finished,Topo + CPB,False,False,False,True,True,False,False,False,500.0,False,0.1,0.0,expert0,0.9,,,,,12.0,0.01,reinforce,mean,[256],False,,,,,,True,0.0,True,4.0,0.1,3056.090087890625,3.708362340927124,0.2521021366119385,60.112381304148585,,,,,,,,,,,,,,,https://wandb.ai/nvr-israel/qwen3-router-training/runs/uwtfxz7g,False,,,
v8ljr5hj,norl_aux0.01_cpb_n4_a0.01_r69,u82gtc95,cpb-sweep,finished,Aux + CPB,False,True,False,False,True,False,False,False,500.0,False,0.1,0.01,expert0,0.9,,,,,12.0,0.01,reinforce,mean,[256],False,,,,,,,,True,4.0,0.01,3537.81494140625,2.9118435382843018,0.2564829587936401,105.49237281503156,,,,,,,,,,,,,,,https://wandb.ai/nvr-israel/qwen3-router-training/runs/v8ljr5hj,False,,,
2zgugq41,norl_aux0.01_topo1.0_cpb_n4_a0.01_r68,u82gtc95,cpb-sweep,finished,Aux + Topo + CPB,False,True,False,True,True,False,False,False,500.0,False,0.1,0.01,expert0,0.9,,,,,12.0,0.01,reinforce,mean,[256],False,,,,,,True,1.0,True,4.0,0.01,3648.64990234375,2.904118537902832,0.3918152749538421,102.5916757597588,,,,,,,,,,,,,,,https://wandb.ai/nvr-israel/qwen3-router-training/runs/2zgugq41,False,,,
sl2c8j1z,norl_aux0.01_topo0.5_cpb_n4_a0.01_r67,u82gtc95,cpb-sweep,finished,Aux + Topo + CPB,False,True,False,True,True,False,False,False,500.0,False,0.1,0.01,expert0,0.9,,,,,12.0,0.01,reinforce,mean,[256],False,,,,,,True,0.5,True,4.0,0.01,3561.89990234375,2.9107282161712646,0.323685735464096,58.74189737299457,,,,,,,,,,,,,,,https://wandb.ai/nvr-israel/qwen3-router-training/runs/sl2c8j1z,False,,,
5v49htja,norl_aux0.01_topo0.1_cpb_n4_a0.01_r66,u82gtc95,cpb-sweep,finished,Aux + Topo + CPB,False,True,False,True,True,False,False,False,500.0,False,0.1,0.01,expert0,0.9,,,,,12.0,0.01,reinforce,mean,[256],False,,,,,,True,0.1,True,4.0,0.01,3536.9599609375,2.911318063735962,0.2696650922298431,83.04607482999563,,,,,,,,,,,,,,,https://wandb.ai/nvr-israel/qwen3-router-training/runs/5v49htja,False,,,
rnoq0fp8,norl_aux0.01_topo0_cpb_n4_a0.01_r65,u82gtc95,cpb-sweep,finished,Aux + Topo + CPB,False,True,False,True,True,False,False,False,500.0,False,0.1,0.01,expert0,0.9,,,,,12.0,0.01,reinforce,mean,[256],False,,,,,,True,0.0,True,4.0,0.01,3538.75,2.911222219467163,0.2567510604858398,52.21044379705563,,,,,,,,,,,,,,,https://wandb.ai/nvr-israel/qwen3-router-training/runs/rnoq0fp8,False,,,
b0q79yz1,norl_noaux_cpb_n4_a0.01_r64,u82gtc95,cpb-sweep,finished,CPB,False,False,False,False,True,False,False,False,500.0,False,0.1,0.0,expert0,0.9,,,,,12.0,0.01,reinforce,mean,[256],False,,,,,,,,True,4.0,0.01,3881.804931640625,2.8040554523468018,0.2535196840763092,50.8710180320777,,,,,,,,,,,,,,,https://wandb.ai/nvr-israel/qwen3-router-training/runs/b0q79yz1,False,,,
llqki2nb,norl_noaux_topo1.0_cpb_n4_a0.01_r63,u82gtc95,cpb-sweep,finished,Topo + CPB,False,False,False,True,True,False,False,False,500.0,False,0.1,0.0,expert0,0.9,,,,,12.0,0.01,reinforce,mean,[256],False,,,,,,True,1.0,True,4.0,0.01,3912.10498046875,2.8352692127227783,0.3850476145744324,50.725679059978575,,,,,,,,,,,,,,,https://wandb.ai/nvr-israel/qwen3-router-training/runs/llqki2nb,False,,,
emcgw5ov,norl_noaux_topo0.5_cpb_n4_a0.01_r62,u82gtc95,cpb-sweep,finished,Topo + CPB,False,False,False,True,True,False,False,False,500.0,False,0.1,0.0,expert0,0.9,,,,,12.0,0.01,reinforce,mean,[256],False,,,,,,True,0.5,True,4.0,0.01,3888.2548828125,2.8093156814575195,0.3185962736606598,51.32807159097865,,,,,,,,,,,,,,,https://wandb.ai/nvr-israel/qwen3-router-training/runs/emcgw5ov,False,,,
e6cqsfm5,norl_noaux_topo0.1_cpb_n4_a0.01_r61,u82gtc95,cpb-sweep,finished,Topo + CPB,False,False,False,True,True,False,False,False,500.0,False,0.1,0.0,expert0,0.9,,,,,12.0,0.01,reinforce,mean,[256],False,,,,,,True,0.1,True,4.0,0.01,3879.10498046875,2.802676200866699,0.2657656371593475,80.8753275689669,,,,,,,,,,,,,,,https://wandb.ai/nvr-israel/qwen3-router-training/runs/e6cqsfm5,False,,,
k4lm4go5,norl_noaux_topo0_cpb_n4_a0.01_r60,u82gtc95,cpb-sweep,finished,Topo + CPB,False,False,False,True,True,False,False,False,500.0,False,0.1,0.0,expert0,0.9,,,,,12.0,0.01,reinforce,mean,[256],False,,,,,,True,0.0,True,4.0,0.01,3881.85009765625,2.8045663833618164,0.2533275783061981,72.24950427142903,,,,,,,,,,,,,,,https://wandb.ai/nvr-israel/qwen3-router-training/runs/k4lm4go5,False,,,
wgk8dv4f,norl_aux0.01_cpb_n4_a0.001_r59,u82gtc95,cpb-sweep,finished,Aux + CPB,False,True,False,False,True,False,False,False,500.0,False,0.1,0.01,expert0,0.9,,,,,12.0,0.01,reinforce,mean,[256],False,,,,,,,,True,4.0,0.001,3956.56005859375,2.78674864768982,0.2546998858451843,90.32218962791376,,,,,,,,,,,,,,,https://wandb.ai/nvr-israel/qwen3-router-training/runs/wgk8dv4f,False,,,
llj2u9yk,norl_aux0.01_topo1.0_cpb_n4_a0.001_r58,u82gtc95,cpb-sweep,finished,Aux + Topo + CPB,False,True,False,True,True,False,False,False,500.0,False,0.1,0.01,expert0,0.9,,,,,12.0,0.01,reinforce,mean,[256],False,,,,,,True,1.0,True,4.0,0.001,4181.10986328125,2.915506601333618,0.5683866739273071,96.02520290296523,,,,,,,,,,,,,,,https://wandb.ai/nvr-israel/qwen3-router-training/runs/llj2u9yk,False,,,
ehu9wqat,norl_aux0.01_topo0.5_cpb_n4_a0.001_r57,u82gtc95,cpb-sweep,finished,Aux + Topo + CPB,False,True,False,True,True,False,False,False,500.0,False,0.1,0.01,expert0,0.9,,,,,12.0,0.01,reinforce,mean,[256],False,,,,,,True,0.5,True,4.0,0.001,4006.260009765625,2.812093734741211,0.4076804220676422,73.5055807698518,,,,,,,,,,,,,,,https://wandb.ai/nvr-israel/qwen3-router-training/runs/ehu9wqat,False,,,
0pwubdx7,norl_aux0.01_topo0.1_cpb_n4_a0.001_r56,u82gtc95,cpb-sweep,finished,Aux + Topo + CPB,False,True,False,True,True,False,False,False,500.0,False,0.1,0.01,expert0,0.9,,,,,12.0,0.01,reinforce,mean,[256],False,,,,,,True,0.1,True,4.0,0.001,3949.43505859375,2.784374952316284,0.2809017300605774,51.29768364410848,,,,,,,,,,,,,,,https://wandb.ai/nvr-israel/qwen3-router-training/runs/0pwubdx7,False,,,
emit4ynp,norl_aux0.01_topo0_cpb_n4_a0.001_r55,u82gtc95,cpb-sweep,finished,Aux + Topo + CPB,False,True,False,True,True,False,False,False,500.0,False,0.1,0.01,expert0,0.9,,,,,12.0,0.01,reinforce,mean,[256],False,,,,,,True,0.0,True,4.0,0.001,3954.5048828125,2.7870469093322754,0.2548198699951172,106.26267957501112,,,,,,,,,,,,,,,https://wandb.ai/nvr-israel/qwen3-router-training/runs/emit4ynp,False,,,
j10ue8nd,norl_noaux_cpb_n4_a0.001_r54,u82gtc95,cpb-sweep,finished,CPB,False,False,False,False,True,False,False,False,500.0,False,0.1,0.0,expert0,0.9,,,,,12.0,0.01,reinforce,mean,[256],False,,,,,,,,True,4.0,0.001,4455.2900390625,2.7285451889038086,0.2512455284595489,101.5699842851609,,,,,,,,,,,,,,,https://wandb.ai/nvr-israel/qwen3-router-training/runs/j10ue8nd,False,,,
c0s1bhnh,norl_noaux_topo1.0_cpb_n4_a0.001_r53,u82gtc95,cpb-sweep,finished,Topo + CPB,False,False,False,True,True,False,False,False,500.0,False,0.1,0.0,expert0,0.9,,,,,12.0,0.01,reinforce,mean,[256],False,,,,,,True,1.0,True,4.0,0.001,4625.3701171875,2.850541353225708,0.5176673531532288,102.41501471912488,,,,,,,,,,,,,,,https://wandb.ai/nvr-israel/qwen3-router-training/runs/c0s1bhnh,False,,,
1usjyrmk,norl_noaux_topo0.5_cpb_n4_a0.001_r52,u82gtc95,cpb-sweep,finished,Topo + CPB,False,False,False,True,True,False,False,False,500.0,False,0.1,0.0,expert0,0.9,,,,,12.0,0.01,reinforce,mean,[256],False,,,,,,True,0.5,True,4.0,0.001,4500.43017578125,2.751708030700684,0.374572604894638,103.19397757807748,,,,,,,,,,,,,,,https://wandb.ai/nvr-israel/qwen3-router-training/runs/1usjyrmk,False,,,
41bkv6j8,norl_noaux_topo0.1_cpb_n4_a0.001_r51,u82gtc95,cpb-sweep,finished,Topo + CPB,False,False,False,True,True,False,False,False,500.0,False,0.1,0.0,expert0,0.9,,,,,12.0,0.01,reinforce,mean,[256],False,,,,,,True,0.1,True,4.0,0.001,4458.0048828125,2.727952480316162,0.2718025743961334,102.57291487138718,,,,,,,,,,,,,,,https://wandb.ai/nvr-israel/qwen3-router-training/runs/41bkv6j8,False,,,
dpfp44o5,norl_noaux_topo0_cpb_n4_a0.001_r50,u82gtc95,cpb-sweep,finished,Topo + CPB,False,False,False,True,True,False,False,False,500.0,False,0.1,0.0,expert0,0.9,,,,,12.0,0.01,reinforce,mean,[256],False,,,,,,True,0.0,True,4.0,0.001,4455.3349609375,2.728623867034912,0.2511893510818481,104.09483049437404,,,,,,,,,,,,,,,https://wandb.ai/nvr-israel/qwen3-router-training/runs/dpfp44o5,False,,,
j6h3kb9p,norl_aux0.01_cpb_n4_a0.0001_r49,u82gtc95,cpb-sweep,finished,Aux + CPB,False,True,False,False,True,False,False,False,500.0,False,0.1,0.01,expert0,0.9,,,,,12.0,0.01,reinforce,mean,[256],False,,,,,,,,True,4.0,0.0001,4037.909912109375,2.775259017944336,0.2545488476753235,103.87903518788517,,,,,,,,,,,,,,,https://wandb.ai/nvr-israel/qwen3-router-training/runs/j6h3kb9p,False,,,
9t7m6280,norl_aux0.01_topo1.0_cpb_n4_a0.0001_r48,u82gtc95,cpb-sweep,finished,Aux + Topo + CPB,False,True,False,True,True,False,False,False,500.0,False,0.1,0.01,expert0,0.9,,,,,12.0,0.01,reinforce,mean,[256],False,,,,,,True,1.0,True,4.0,0.0001,4388.97509765625,2.9523792266845703,0.6123045086860657,103.4140690159984,,,,,,,,,,,,,,,https://wandb.ai/nvr-israel/qwen3-router-training/runs/9t7m6280,False,,,
mfu4vg4h,norl_aux0.01_topo0.5_cpb_n4_a0.0001_r47,u82gtc95,cpb-sweep,finished,Aux + Topo + CPB,False,True,False,True,True,False,False,False,500.0,False,0.1,0.01,expert0,0.9,,,,,12.0,0.01,reinforce,mean,[256],False,,,,,,True,0.5,True,4.0,0.0001,4134.10009765625,2.8122034072875977,0.4307229518890381,101.0114510259591,,,,,,,,,,,,,,,https://wandb.ai/nvr-israel/qwen3-router-training/runs/mfu4vg4h,False,,,
9uwfdln8,norl_aux0.01_topo0.1_cpb_n4_a0.0001_r46,u82gtc95,cpb-sweep,finished,Aux + Topo + CPB,False,True,False,True,True,False,False,False,500.0,False,0.1,0.01,expert0,0.9,,,,,12.0,0.01,reinforce,mean,[256],False,,,,,,True,0.1,True,4.0,0.0001,4032.554931640625,2.775684595108032,0.2844884693622589,103.35200990177692,,,,,,,,,,,,,,,https://wandb.ai/nvr-israel/qwen3-router-training/runs/9uwfdln8,False,,,
l3931ia9,norl_aux0.01_topo0_cpb_n4_a0.0001_r45,u82gtc95,cpb-sweep,finished,Aux + Topo + CPB,False,True,False,True,True,False,False,False,500.0,False,0.1,0.01,expert0,0.9,,,,,12.0,0.01,reinforce,mean,[256],False,,,,,,True,0.0,True,4.0,0.0001,4036.39501953125,2.7760860919952397,0.2549350261688232,67.93778445106,,,,,,,,,,,,,,,https://wandb.ai/nvr-israel/qwen3-router-training/runs/l3931ia9,False,,,
noa0y0op,norl_noaux_cpb_n4_a0.0001_r44,u82gtc95,cpb-sweep,finished,CPB,False,False,False,False,True,False,False,False,500.0,False,0.1,0.0,expert0,0.9,,,,,12.0,0.01,reinforce,mean,[256],False,,,,,,,,True,4.0,0.0001,4616.8701171875,2.725187301635742,0.2518320381641388,80.93458711961284,,,,,,,,,,,,,,,https://wandb.ai/nvr-israel/qwen3-router-training/runs/noa0y0op,False,,,
zn41xume,norl_noaux_topo1.0_cpb_n4_a0.0001_r43,u82gtc95,cpb-sweep,finished,Topo + CPB,False,False,False,True,True,False,False,False,500.0,False,0.1,0.0,expert0,0.9,,,,,12.0,0.01,reinforce,mean,[256],False,,,,,,True,1.0,True,4.0,0.0001,4868.9599609375,2.8915605545043945,0.559852659702301,58.35291653079912,,,,,,,,,,,,,,,https://wandb.ai/nvr-israel/qwen3-router-training/runs/zn41xume,False,,,
5gzuj7tz,norl_noaux_topo0.5_cpb_n4_a0.0001_r42,u82gtc95,cpb-sweep,finished,Topo + CPB,False,False,False,True,True,False,False,False,500.0,False,0.1,0.0,expert0,0.9,,,,,12.0,0.01,reinforce,mean,[256],False,,,,,,True,0.5,True,4.0,0.0001,4682.75,2.7571074962615967,0.3936828672885895,53.07070547062904,,,,,,,,,,,,,,,https://wandb.ai/nvr-israel/qwen3-router-training/runs/5gzuj7tz,False,,,
ufc1of4a,norl_noaux_topo0.1_cpb_n4_a0.0001_r41,u82gtc95,cpb-sweep,finished,Topo + CPB,False,False,False,True,True,False,False,False,500.0,False,0.1,0.0,expert0,0.9,,,,,12.0,0.01,reinforce,mean,[256],False,,,,,,True,0.1,True,4.0,0.0001,4623.05517578125,2.725741386413574,0.2749969363212585,102.21189023787156,,,,,,,,,,,,,,,https://wandb.ai/nvr-israel/qwen3-router-training/runs/ufc1of4a,False,,,
3ghoix6h,norl_noaux_topo0_cpb_n4_a0.0001_r40,u82gtc95,cpb-sweep,finished,Topo + CPB,False,False,False,True,True,False,False,False,500.0,False,0.1,0.0,expert0,0.9,,,,,12.0,0.01,reinforce,mean,[256],False,,,,,,True,0.0,True,4.0,0.0001,4617.740234375,2.726141929626465,0.2519900798797607,51.17280221637338,,,,,,,,,,,,,,,https://wandb.ai/nvr-israel/qwen3-router-training/runs/3ghoix6h,False,,,
591rc00i,norl_aux0.01_cpb_n1_a0.1_r39,u82gtc95,cpb-sweep,finished,Aux + CPB,False,True,False,False,True,False,False,False,500.0,False,0.1,0.01,expert0,0.9,,,,,12.0,0.01,reinforce,mean,[256],False,,,,,,,,True,1.0,0.1,2975.449951171875,3.2931931018829346,0.2562241852283478,71.0580291338265,,,,,,,,,,,,,,,https://wandb.ai/nvr-israel/qwen3-router-training/runs/591rc00i,False,,,
v85nimda,norl_aux0.01_topo1.0_cpb_n1_a0.1_r38,u82gtc95,cpb-sweep,finished,Aux + Topo + CPB,False,True,False,True,True,False,False,False,500.0,False,0.1,0.01,expert0,0.9,,,,,12.0,0.01,reinforce,mean,[256],False,,,,,,True,1.0,True,1.0,0.1,3069.7548828125,3.1975951194763184,0.3193608522415161,99.14564383588733,,,,,,,,,,,,,,,https://wandb.ai/nvr-israel/qwen3-router-training/runs/v85nimda,False,,,
0rcfqxib,norl_aux0.01_topo0.5_cpb_n1_a0.1_r37,u82gtc95,cpb-sweep,finished,Aux + Topo + CPB,False,True,False,True,True,False,False,False,500.0,False,0.1,0.01,expert0,0.9,,,,,12.0,0.01,reinforce,mean,[256],False,,,,,,True,0.5,True,1.0,0.1,2995.820068359375,3.243979215621948,0.2877334654331207,93.6706305219559,,,,,,,,,,,,,,,https://wandb.ai/nvr-israel/qwen3-router-training/runs/0rcfqxib,False,,,
szn47p06,norl_aux0.01_topo0.1_cpb_n1_a0.1_r36,u82gtc95,cpb-sweep,finished,Aux + Topo + CPB,False,True,False,True,True,False,False,False,500.0,False,0.1,0.01,expert0,0.9,,,,,12.0,0.01,reinforce,mean,[256],False,,,,,,True,0.1,True,1.0,0.1,2965.75,3.282021999359131,0.2636890411376953,103.01055187603924,,,,,,,,,,,,,,,https://wandb.ai/nvr-israel/qwen3-router-training/runs/szn47p06,False,,,
x6rcuhmh,norl_aux0.01_topo0_cpb_n1_a0.1_r35,u82gtc95,cpb-sweep,finished,Aux + Topo + CPB,False,True,False,True,True,False,False,False,500.0,False,0.1,0.01,expert0,0.9,,,,,12.0,0.01,reinforce,mean,[256],False,,,,,,True,0.0,True,1.0,0.1,2971.47509765625,3.2927281856536865,0.2567471265792846,52.01690144184977,,,,,,,,,,,,,,,https://wandb.ai/nvr-israel/qwen3-router-training/runs/x6rcuhmh,False,,,
im4x6mxd,norl_noaux_cpb_n1_a0.1_r34,u82gtc95,cpb-sweep,finished,CPB,False,False,False,False,True,False,False,False,500.0,False,0.1,0.0,expert0,0.9,,,,,12.0,0.01,reinforce,mean,[256],False,,,,,,,,True,1.0,0.1,3163.72998046875,3.063180446624756,0.2573968768119812,100.99553176108748,,,,,,,,,,,,,,,https://wandb.ai/nvr-israel/qwen3-router-training/runs/im4x6mxd,False,,,
tdskz9cf,norl_noaux_topo1.0_cpb_n1_a0.1_r33,u82gtc95,cpb-sweep,finished,Topo + CPB,False,False,False,True,True,False,False,False,500.0,False,0.1,0.0,expert0,0.9,,,,,12.0,0.01,reinforce,mean,[256],False,,,,,,True,1.0,True,1.0,0.1,3211.844970703125,3.045361995697021,0.3330073952674866,52.41760624852032,,,,,,,,,,,,,,,https://wandb.ai/nvr-israel/qwen3-router-training/runs/tdskz9cf,False,,,
6ffw4z5q,norl_noaux_topo0.5_cpb_n1_a0.1_r32,u82gtc95,cpb-sweep,finished,Topo + CPB,False,False,False,True,True,False,False,False,500.0,False,0.1,0.0,expert0,0.9,,,,,12.0,0.01,reinforce,mean,[256],False,,,,,,True,0.5,True,1.0,0.1,3172.81494140625,3.0600528717041016,0.2964656949043274,104.6427341233939,,,,,,,,,,,,,,,https://wandb.ai/nvr-israel/qwen3-router-training/runs/6ffw4z5q,False,,,
f5rzwja6,norl_noaux_topo0.1_cpb_n1_a0.1_r31,u82gtc95,cpb-sweep,finished,Topo + CPB,False,False,False,True,True,False,False,False,500.0,False,0.1,0.0,expert0,0.9,,,,,12.0,0.01,reinforce,mean,[256],False,,,,,,True,0.1,True,1.0,0.1,3163.050048828125,3.056655168533325,0.2653120756149292,52.41021635103971,,,,,,,,,,,,,,,https://wandb.ai/nvr-israel/qwen3-router-training/runs/f5rzwja6,False,,,
hjzpzs9n,norl_noaux_topo0_cpb_n1_a0.1_r30,u82gtc95,cpb-sweep,finished,Topo + CPB,False,False,False,True,True,False,False,False,500.0,False,0.1,0.0,expert0,0.9,,,,,12.0,0.01,reinforce,mean,[256],False,,,,,,True,0.0,True,1.0,0.1,3163.2548828125,3.0628087520599365,0.2578030824661255,51.67806010879576,,,,,,,,,,,,,,,https://wandb.ai/nvr-israel/qwen3-router-training/runs/hjzpzs9n,False,,,
zl273tte,norl_aux0.01_cpb_n1_a0.01_r29,u82gtc95,cpb-sweep,finished,Aux + CPB,False,True,False,False,True,False,False,False,500.0,False,0.1,0.01,expert0,0.9,,,,,12.0,0.01,reinforce,mean,[256],False,,,,,,,,True,1.0,0.01,3755.219970703125,2.8105099201202397,0.2549701035022735,51.40321874292568,,,,,,,,,,,,,,,https://wandb.ai/nvr-israel/qwen3-router-training/runs/zl273tte,False,,,
a3ejdizw,norl_aux0.01_topo1.0_cpb_n1_a0.01_r28,u82gtc95,cpb-sweep,finished,Aux + Topo + CPB,False,True,False,True,True,False,False,False,500.0,False,0.1,0.01,expert0,0.9,,,,,12.0,0.01,reinforce,mean,[256],False,,,,,,True,1.0,True,1.0,0.01,3913.159912109375,2.898338079452514,0.5202524662017822,69.88627060176805,,,,,,,,,,,,,,,https://wandb.ai/nvr-israel/qwen3-router-training/runs/a3ejdizw,False,,,
a0us9o0z,norl_aux0.01_topo0.5_cpb_n1_a0.01_r27,u82gtc95,cpb-sweep,finished,Aux + Topo + CPB,False,True,False,True,True,False,False,False,500.0,False,0.1,0.01,expert0,0.9,,,,,12.0,0.01,reinforce,mean,[256],False,,,,,,True,0.5,True,1.0,0.01,3797.0400390625,2.8277523517608643,0.3850442767143249,52.68087750952691,,,,,,,,,,,,,,,https://wandb.ai/nvr-israel/qwen3-router-training/runs/a0us9o0z,False,,,
su5rvluy,norl_aux0.01_topo0.1_cpb_n1_a0.01_r26,u82gtc95,cpb-sweep,finished,Aux + Topo + CPB,False,True,False,True,True,False,False,False,500.0,False,0.1,0.01,expert0,0.9,,,,,12.0,0.01,reinforce,mean,[256],False,,,,,,True,0.1,True,1.0,0.01,3752.219970703125,2.8083155155181885,0.278031438589096,52.73474767524749,,,,,,,,,,,,,,,https://wandb.ai/nvr-israel/qwen3-router-training/runs/su5rvluy,False,,,
2mvq2mg5,norl_aux0.01_topo0_cpb_n1_a0.01_r25,u82gtc95,cpb-sweep,finished,Aux + Topo + CPB,False,True,False,True,True,False,False,False,500.0,False,0.1,0.01,expert0,0.9,,,,,12.0,0.01,reinforce,mean,[256],False,,,,,,True,0.0,True,1.0,0.01,3756.554931640625,2.810178756713867,0.2544946074485779,53.191066924948245,,,,,,,,,,,,,,,https://wandb.ai/nvr-israel/qwen3-router-training/runs/2mvq2mg5,False,,,
ip0drkj0,norl_noaux_cpb_n1_a0.01_r24,u82gtc95,cpb-sweep,finished,CPB,False,False,False,False,True,False,False,False,500.0,False,0.1,0.0,expert0,0.9,,,,,12.0,0.01,reinforce,mean,[256],False,,,,,,,,True,1.0,0.01,4162.5498046875,2.7441484928131104,0.2510077059268951,100.44001884607133,,,,,,,,,,,,,,,https://wandb.ai/nvr-israel/qwen3-router-training/runs/ip0drkj0,False,,,
box8b3ai,norl_noaux_topo1.0_cpb_n1_a0.01_r23,u82gtc95,cpb-sweep,finished,Topo + CPB,False,False,False,True,True,False,False,False,500.0,False,0.1,0.0,expert0,0.9,,,,,12.0,0.01,reinforce,mean,[256],False,,,,,,True,1.0,True,1.0,0.01,4231.30517578125,2.8376128673553467,0.4752053022384643,52.22522809496149,,,,,,,,,,,,,,,https://wandb.ai/nvr-israel/qwen3-router-training/runs/box8b3ai,False,,,
tx1urr03,norl_noaux_topo0.5_cpb_n1_a0.01_r22,u82gtc95,cpb-sweep,finished,Topo + CPB,False,False,False,True,True,False,False,False,500.0,False,0.1,0.0,expert0,0.9,,,,,12.0,0.01,reinforce,mean,[256],False,,,,,,True,0.5,True,1.0,0.01,4180.76513671875,2.7630984783172607,0.3566907048225403,107.45486840989906,,,,,,,,,,,,,,,https://wandb.ai/nvr-israel/qwen3-router-training/runs/tx1urr03,False,,,
e2bw4adh,norl_noaux_topo0.1_cpb_n1_a0.01_r21,u82gtc95,cpb-sweep,finished,Topo + CPB,False,False,False,True,True,False,False,False,500.0,False,0.1,0.0,expert0,0.9,,,,,12.0,0.01,reinforce,mean,[256],False,,,,,,True,0.1,True,1.0,0.01,4162.52978515625,2.7436373233795166,0.268876850605011,69.9535977798514,,,,,,,,,,,,,,,https://wandb.ai/nvr-israel/qwen3-router-training/runs/e2bw4adh,False,,,
8arqa8av,norl_noaux_topo0_cpb_n1_a0.01_r20,u82gtc95,cpb-sweep,finished,Topo + CPB,False,False,False,True,True,False,False,False,500.0,False,0.1,0.0,expert0,0.9,,,,,12.0,0.01,reinforce,mean,[256],False,,,,,,True,0.0,True,1.0,0.01,4163.634765625,2.744877815246582,0.2510415017604828,74.31353702070192,,,,,,,,,,,,,,,https://wandb.ai/nvr-israel/qwen3-router-training/runs/8arqa8av,False,,,
nw4nvnzx,norl_aux0.01_cpb_n1_a0.001_r19,u82gtc95,cpb-sweep,finished,Aux + CPB,False,True,False,False,True,False,False,False,500.0,False,0.1,0.01,expert0,0.9,,,,,12.0,0.01,reinforce,mean,[256],False,,,,,,,,True,1.0,0.001,4002.93994140625,2.778075933456421,0.2545776665210724,110.65456935111432,,,,,,,,,,,,,,,https://wandb.ai/nvr-israel/qwen3-router-training/runs/nw4nvnzx,False,,,
ejsf0d76,norl_aux0.01_topo1.0_cpb_n1_a0.001_r18,u82gtc95,cpb-sweep,finished,Aux + Topo + CPB,False,True,False,True,True,False,False,False,500.0,False,0.1,0.01,expert0,0.9,,,,,12.0,0.01,reinforce,mean,[256],False,,,,,,True,1.0,True,1.0,0.001,4294.52490234375,2.9434823989868164,0.6043288707733154,94.9282803973183,,,,,,,,,,,,,,,https://wandb.ai/nvr-israel/qwen3-router-training/runs/ejsf0d76,False,,,
dlwulcsr,norl_aux0.01_topo0.5_cpb_n1_a0.001_r17,u82gtc95,cpb-sweep,finished,Aux + Topo + CPB,False,True,False,True,True,False,False,False,500.0,False,0.1,0.01,expert0,0.9,,,,,12.0,0.01,reinforce,mean,[256],False,,,,,,True,0.5,True,1.0,0.001,4078.465087890625,2.81054162979126,0.4258942306041717,96.2399976151064,,,,,,,,,,,,,,,https://wandb.ai/nvr-israel/qwen3-router-training/runs/dlwulcsr,False,,,
ndcwe14r,norl_aux0.01_topo0.1_cpb_n1_a0.001_r16,u82gtc95,cpb-sweep,finished,Aux + Topo + CPB,False,True,False,True,True,False,False,False,500.0,False,0.1,0.01,expert0,0.9,,,,,12.0,0.01,reinforce,mean,[256],False,,,,,,True,0.1,True,1.0,0.001,4001.264892578125,2.7761423587799072,0.2833237648010254,92.24603120889516,,,,,,,,,,,,,,,https://wandb.ai/nvr-israel/qwen3-router-training/runs/ndcwe14r,False,,,
q6kyn0zj,norl_aux0.01_topo0_cpb_n1_a0.001_r15,u82gtc95,cpb-sweep,finished,Aux + Topo + CPB,False,True,False,True,True,False,False,False,500.0,False,0.1,0.01,expert0,0.9,,,,,12.0,0.01,reinforce,mean,[256],False,,,,,,True,0.0,True,1.0,0.001,4000.419921875,2.777764797210694,0.2546667456626892,100.25310169858858,,,,,,,,,,,,,,,https://wandb.ai/nvr-israel/qwen3-router-training/runs/q6kyn0zj,False,,,
oluxdee6,norl_noaux_cpb_n1_a0.001_r14,u82gtc95,cpb-sweep,finished,CPB,False,False,False,False,True,False,False,False,500.0,False,0.1,0.0,expert0,0.9,,,,,12.0,0.01,reinforce,mean,[256],False,,,,,,,,True,1.0,0.001,4551.14013671875,2.726260185241699,0.2513652443885803,102.21639955230056,,,,,,,,,,,,,,,https://wandb.ai/nvr-israel/qwen3-router-training/runs/oluxdee6,False,,,
e0pf4218,norl_noaux_topo1.0_cpb_n1_a0.001_r13,u82gtc95,cpb-sweep,finished,Topo + CPB,False,False,False,True,True,False,False,False,500.0,False,0.1,0.0,expert0,0.9,,,,,12.0,0.01,reinforce,mean,[256],False,,,,,,True,1.0,True,1.0,0.001,4737.0751953125,2.8806750774383545,0.5491805076599121,102.5681483251974,,,,,,,,,,,,,,,https://wandb.ai/nvr-israel/qwen3-router-training/runs/e0pf4218,False,,,
qtyqe2zi,norl_noaux_topo0.5_cpb_n1_a0.001_r12,u82gtc95,cpb-sweep,finished,Topo + CPB,False,False,False,True,True,False,False,False,500.0,False,0.1,0.0,expert0,0.9,,,,,12.0,0.01,reinforce,mean,[256],False,,,,,,True,0.5,True,1.0,0.001,4593.009765625,2.756143093109131,0.3880304992198944,104.0223940629512,,,,,,,,,,,,,,,https://wandb.ai/nvr-israel/qwen3-router-training/runs/qtyqe2zi,False,,,
jglx10z9,norl_noaux_topo0.1_cpb_n1_a0.001_r11,u82gtc95,cpb-sweep,finished,Topo + CPB,False,False,False,True,True,False,False,False,500.0,False,0.1,0.0,expert0,0.9,,,,,12.0,0.01,reinforce,mean,[256],False,,,,,,True,0.1,True,1.0,0.001,4555.490234375,2.7242133617401123,0.2739142477512359,63.61368946172297,,,,,,,,,,,,,,,https://wandb.ai/nvr-israel/qwen3-router-training/runs/jglx10z9,False,,,
3fflb9as,norl_noaux_topo0_cpb_n1_a0.001_r10,u82gtc95,cpb-sweep,finished,Topo + CPB,False,False,False,True,True,False,False,False,500.0,False,0.1,0.0,expert0,0.9,,,,,12.0,0.01,reinforce,mean,[256],False,,,,,,True,0.0,True,1.0,0.001,4551.22021484375,2.724766492843628,0.2513127624988556,52.9483402967453,,,,,,,,,,,,,,,https://wandb.ai/nvr-israel/qwen3-router-training/runs/3fflb9as,False,,,
nagfb54q,norl_aux0.01_cpb_n1_a0.0001_r09,u82gtc95,cpb-sweep,finished,Aux + CPB,False,True,False,False,True,False,False,False,500.0,False,0.1,0.01,expert0,0.9,,,,,12.0,0.01,reinforce,mean,[256],False,,,,,,,,True,1.0,0.0001,4042.544921875,2.7751615047454834,0.2548275887966156,102.00527711794712,,,,,,,,,,,,,,,https://wandb.ai/nvr-israel/qwen3-router-training/runs/nagfb54q,False,,,
trqcjpdp,norl_aux0.01_topo1.0_cpb_n1_a0.0001_r08,u82gtc95,cpb-sweep,finished,Aux + Topo + CPB,False,True,False,True,True,False,False,False,500.0,False,0.1,0.01,expert0,0.9,,,,,12.0,0.01,reinforce,mean,[256],False,,,,,,True,1.0,True,1.0,0.0001,4394.27490234375,2.9563851356506348,0.6163107752799988,100.96749258297496,,,,,,,,,,,,,,,https://wandb.ai/nvr-israel/qwen3-router-training/runs/trqcjpdp,False,,,
sd092v4e,norl_aux0.01_topo0.5_cpb_n1_a0.0001_r07,u82gtc95,cpb-sweep,finished,Aux + Topo + CPB,False,True,False,True,True,False,False,False,500.0,False,0.1,0.01,expert0,0.9,,,,,12.0,0.01,reinforce,mean,[256],False,,,,,,True,0.5,True,1.0,0.0001,4140.51513671875,2.8116941452026367,0.4332566857337952,103.33134219516069,,,,,,,,,,,,,,,https://wandb.ai/nvr-israel/qwen3-router-training/runs/sd092v4e,False,,,
tx8aq727,norl_aux0.01_topo0.1_cpb_n1_a0.0001_r06,u82gtc95,cpb-sweep,finished,Aux + Topo + CPB,False,True,False,True,True,False,False,False,500.0,False,0.1,0.01,expert0,0.9,,,,,12.0,0.01,reinforce,mean,[256],False,,,,,,True,0.1,True,1.0,0.0001,4042.625,2.774399518966675,0.2844806611537933,100.36498588789254,,,,,,,,,,,,,,,https://wandb.ai/nvr-israel/qwen3-router-training/runs/tx8aq727,False,,,
xt4zstui,norl_aux0.01_topo0_cpb_n1_a0.0001_r05,u82gtc95,cpb-sweep,finished,Aux + Topo + CPB,False,True,False,True,True,False,False,False,500.0,False,0.1,0.01,expert0,0.9,,,,,12.0,0.01,reinforce,mean,[256],False,,,,,,True,0.0,True,1.0,0.0001,4041.989990234375,2.7754509449005127,0.2547432780265808,102.94031150452793,,,,,,,,,,,,,,,https://wandb.ai/nvr-israel/qwen3-router-training/runs/xt4zstui,False,,,
48294g2r,norl_noaux_cpb_n1_a0.0001_r04,u82gtc95,cpb-sweep,finished,CPB,False,False,False,False,True,False,False,False,500.0,False,0.1,0.0,expert0,0.9,,,,,12.0,0.01,reinforce,mean,[256],False,,,,,,,,True,1.0,0.0001,4623.10986328125,2.7258288860321045,0.251710832118988,101.9161625476554,,,,,,,,,,,,,,,https://wandb.ai/nvr-israel/qwen3-router-training/runs/48294g2r,False,,,
079lt774,norl_noaux_topo1.0_cpb_n1_a0.0001_r03,u82gtc95,cpb-sweep,finished,Topo + CPB,False,False,False,True,True,False,False,False,500.0,False,0.1,0.0,expert0,0.9,,,,,12.0,0.01,reinforce,mean,[256],False,,,,,,True,1.0,True,1.0,0.0001,4875.1201171875,2.895078420639038,0.5630017518997192,102.98036415223032,,,,,,,,,,,,,,,https://wandb.ai/nvr-israel/qwen3-router-training/runs/079lt774,False,,,
0lrbox4l,norl_noaux_topo0.5_cpb_n1_a0.0001_r02,u82gtc95,cpb-sweep,finished,Topo + CPB,False,False,False,True,True,False,False,False,500.0,False,0.1,0.0,expert0,0.9,,,,,12.0,0.01,reinforce,mean,[256],False,,,,,,True,0.5,True,1.0,0.0001,4689.8349609375,2.758999824523926,0.3950024843215942,102.34447788167743,,,,,,,,,,,,,,,https://wandb.ai/nvr-israel/qwen3-router-training/runs/0lrbox4l,False,,,
1wgp1rh8,norl_noaux_topo0.1_cpb_n1_a0.0001_r01,u82gtc95,cpb-sweep,finished,Topo + CPB,False,False,False,True,True,False,False,False,500.0,False,0.1,0.0,expert0,0.9,,,,,12.0,0.01,reinforce,mean,[256],False,,,,,,True,0.1,True,1.0,0.0001,4629.955078125,2.725222587585449,0.2750622630119324,51.15900129266083,,,,,,,,,,,,,,,https://wandb.ai/nvr-israel/qwen3-router-training/runs/1wgp1rh8,False,,,
qahrllpz,norl_noaux_topo0_cpb_n1_a0.0001_r00,u82gtc95,cpb-sweep,finished,Topo + CPB,False,False,False,True,True,False,False,False,500.0,False,0.1,0.0,expert0,0.9,,,,,12.0,0.01,reinforce,mean,[256],False,,,,,,True,0.0,True,1.0,0.0001,4624.43017578125,2.725152492523194,0.2517149448394775,51.64013736974448,,,,,,,,,,,,,,,https://wandb.ai/nvr-israel/qwen3-router-training/runs/qahrllpz,False,,,
pl7sib5k,norl_aux0.01_r06,5bmzj7mn,pertoken-rl-fixed,finished,Aux,False,True,False,False,False,False,False,False,1500.0,False,0.001,0.01,per_token_topn_binary,0.0,,,,,2.0,0.01,ppo,critic,[256],True,,,,,,,,,,,3578.139892578125,2.737762451171875,0.2535170912742615,25.72356289997697,,,,,,,,,,,,,,,https://wandb.ai/nvr-israel/qwen3-router-training/runs/pl7sib5k,False,,,
6vyfjfre,ptbin_n2_rlc0.1_norm_PPO_ent0.01_c256_ema_aux0.01_r05,5bmzj7mn,pertoken-rl-fixed,finished,RL + Aux,True,True,False,False,False,False,False,False,1500.0,True,0.1,0.01,per_token_topn_binary,0.0,,,,,2.0,0.01,ppo,critic,[256],True,,,,,,,,,,,3536.639892578125,2.744163751602173,0.2537969648838043,29.52561397664249,,,,,,,,,,,,,,,https://wandb.ai/nvr-israel/qwen3-router-training/runs/6vyfjfre,False,,,
h8c1ycsv,ptbin_n2_rlc0.1_norm_PPO_ent0.01_c256_ema_noaux_r04,5bmzj7mn,pertoken-rl-fixed,finished,RL,True,False,False,False,False,False,False,False,1500.0,True,0.1,0.0,per_token_topn_binary,0.0,,,,,2.0,0.01,ppo,critic,[256],True,,,,,,,,,,,4460.10009765625,2.6597390174865723,0.2495644390583038,67.44623110350221,,,,,,,,,,,,,,,https://wandb.ai/nvr-israel/qwen3-router-training/runs/h8c1ycsv,False,,,
z94talez,ptbin_n2_rlc0.01_norm_PPO_ent0.01_c256_ema_aux0.01_r03,5bmzj7mn,pertoken-rl-fixed,finished,RL + Aux,True,True,False,False,False,False,False,False,1500.0,True,0.01,0.01,per_token_topn_binary,0.0,,,,,2.0,0.01,ppo,critic,[256],True,,,,,,,,,,,3565.300048828125,2.7405076026916504,0.2536285519599914,76.49700776697136,,,,,,,,,,,,,,,https://wandb.ai/nvr-israel/qwen3-router-training/runs/z94talez,False,,,
rtncz1z3,ptbin_n2_rlc0.01_norm_PPO_ent0.01_c256_ema_noaux_r02,5bmzj7mn,pertoken-rl-fixed,finished,RL,True,False,False,False,False,False,False,False,1500.0,True,0.01,0.0,per_token_topn_binary,0.0,,,,,2.0,0.01,ppo,critic,[256],True,,,,,,,,,,,4506.77978515625,2.6560580730438232,0.2514031529426574,27.30363054992631,,,,,,,,,,,,,,,https://wandb.ai/nvr-israel/qwen3-router-training/runs/rtncz1z3,False,,,
ddvzpk9x,ptbin_n2_rlc0.001_norm_PPO_ent0.01_c256_ema_aux0.01_r01,5bmzj7mn,pertoken-rl-fixed,finished,RL + Aux,True,True,False,False,False,False,False,False,1500.0,True,0.001,0.01,per_token_topn_binary,0.0,,,,,2.0,0.01,ppo,critic,[256],True,,,,,,,,,,,3574.280029296875,2.7401392459869385,0.2537831664085388,28.38712152279913,,,,,,,,,,,,,,,https://wandb.ai/nvr-israel/qwen3-router-training/runs/ddvzpk9x,False,,,
n2x8std4,ptbin_n2_rlc0.001_norm_PPO_ent0.01_c256_ema_noaux_r00,5bmzj7mn,pertoken-rl-fixed,finished,RL,True,False,False,False,False,False,False,False,1500.0,True,0.001,0.0,per_token_topn_binary,0.0,,,,,2.0,0.01,ppo,critic,[256],True,,,,,,,,,,,4511.580078125,2.655458450317383,0.2516447007656097,64.72067315969616,,,,,,,,,,,,,,,https://wandb.ai/nvr-israel/qwen3-router-training/runs/n2x8std4,False,,,
rao84rsl,norl_aux0.01_r12,ic7dzzax,pertoken-rl-push,finished,Aux,False,True,False,False,False,False,False,False,3000.0,False,0.1,0.01,per_token_topn_binary,0.0,,,,,2.0,0.01,ppo,critic,[256],True,,,,,,,,,,,3472.719970703125,2.773384094238281,0.2560167610645294,42.400635933998274,,,,,,,,,,,63.1,53.9,69.9,62.3,https://wandb.ai/nvr-israel/qwen3-router-training/runs/rao84rsl,False,,,
rbazyfq4,ptload_n2_rlc1.0_norm_PPO_ent0.01_c256_ema_lm1.0_aux0.01_r11,ic7dzzax,pertoken-rl-push,finished,RL + Aux,True,True,False,False,False,False,False,False,3000.0,True,1.0,0.01,per_token_load_weighted,0.0,,,,,2.0,0.01,ppo,critic,[256],True,,,,,,,,,,,3344.169921875,2.827498197555542,0.2533880770206451,28.65051575799589,,,,,,,,,,,61.1,51.8,69.9,60.93,https://wandb.ai/nvr-israel/qwen3-router-training/runs/rbazyfq4,False,,,
90ir8dxy,ptload_n2_rlc1.0_norm_PPO_ent0.01_c256_ema_aux0.01_r10,ic7dzzax,pertoken-rl-push,finished,RL + Aux,True,True,False,False,False,False,False,False,3000.0,True,1.0,0.01,per_token_load_weighted,0.0,,,,,2.0,0.01,ppo,critic,[256],True,,,,,,,,,,,3185.800048828125,2.896437644958496,0.2527126371860504,37.597320741042495,,,,,,,,,,,62.6,53.4,69.1,61.7,https://wandb.ai/nvr-israel/qwen3-router-training/runs/90ir8dxy,False,,,
fmzjzqg9,ptbin_n2_rlc1.0_norm_PPO_ent0.01_c256_ema_lm1.0_aux0.01_r09,ic7dzzax,pertoken-rl-push,finished,RL + Aux,True,True,False,False,False,False,False,False,3000.0,True,1.0,0.01,per_token_topn_binary,0.0,,,,,2.0,0.01,ppo,critic,[256],True,,,,,,,,,,,3307.06005859375,2.807126998901367,0.2545878291130066,40.3890630370006,,,,,,,,,,,,,,,https://wandb.ai/nvr-israel/qwen3-router-training/runs/fmzjzqg9,False,,,
aegaf4ee,ptbin_n2_rlc1.0_norm_PPO_ent0.01_c256_ema_aux0.01_r08,ic7dzzax,pertoken-rl-push,finished,RL + Aux,True,True,False,False,False,False,False,False,3000.0,True,1.0,0.01,per_token_topn_binary,0.0,,,,,2.0,0.01,ppo,critic,[256],True,,,,,,,,,,,3239.5400390625,2.8441030979156494,0.2537245154380798,44.9045680538984,,,,,,,,,,,,,,,https://wandb.ai/nvr-israel/qwen3-router-training/runs/aegaf4ee,False,,,
uzgw6v0z,ptload_n2_rlc0.5_norm_PPO_ent0.01_c256_ema_lm1.0_aux0.01_r07,ic7dzzax,pertoken-rl-push,finished,RL + Aux,True,True,False,False,False,False,False,False,3000.0,True,0.5,0.01,per_token_load_weighted,0.0,,,,,2.0,0.01,ppo,critic,[256],True,,,,,,,,,,,3316.669921875,2.798144578933716,0.253691166639328,75.66773131396621,,,,,,,,,,,61.4,52.8,70.4,61.53,https://wandb.ai/nvr-israel/qwen3-router-training/runs/uzgw6v0z,False,,,
podgk1yk,ptload_n2_rlc0.5_norm_PPO_ent0.01_c256_ema_aux0.01_r06,ic7dzzax,pertoken-rl-push,finished,RL + Aux,True,True,False,False,False,False,False,False,3000.0,True,0.5,0.01,per_token_load_weighted,0.0,,,,,2.0,0.01,ppo,critic,[256],True,,,,,,,,,,,3272.64990234375,2.843552350997925,0.2526476979255676,65.59377923398279,,,,,,,,,,,61.6,53.9,68.9,61.47,https://wandb.ai/nvr-israel/qwen3-router-training/runs/podgk1yk,False,,,
aa5meq8v,ptbin_n2_rlc0.5_norm_PPO_ent0.01_c256_ema_lm1.0_aux0.01_r05,ic7dzzax,pertoken-rl-push,finished,RL + Aux,True,True,False,False,False,False,False,False,3000.0,True,0.5,0.01,per_token_topn_binary,0.0,,,,,2.0,0.01,ppo,critic,[256],True,,,,,,,,,,,3401.010009765625,2.789558172225952,0.2552415132522583,29.77221776195801,,,,,,,,,,,,,,,https://wandb.ai/nvr-israel/qwen3-router-training/runs/aa5meq8v,False,,,
izzp3zee,ptbin_n2_rlc0.5_norm_PPO_ent0.01_c256_ema_aux0.01_r04,ic7dzzax,pertoken-rl-push,finished,RL + Aux,True,True,False,False,False,False,False,False,3000.0,True,0.5,0.01,per_token_topn_binary,0.0,,,,,2.0,0.01,ppo,critic,[256],True,,,,,,,,,,,3325.0,2.8066415786743164,0.2546093463897705,68.18385540693998,,,,,,,,,,,,,,,https://wandb.ai/nvr-israel/qwen3-router-training/runs/izzp3zee,False,,,
qo6v8m3d,ptload_n2_rlc0.1_norm_PPO_ent0.01_c256_ema_lm1.0_aux0.01_r03,ic7dzzax,pertoken-rl-push,finished,RL + Aux,True,True,False,False,False,False,False,False,3000.0,True,0.1,0.01,per_token_load_weighted,0.0,,,,,2.0,0.01,ppo,critic,[256],True,,,,,,,,,,,3435.550048828125,2.778026342391968,0.2550855875015259,30.406850733998,,,,,,,,,,,63.1,54.4,70.8,62.77,https://wandb.ai/nvr-israel/qwen3-router-training/runs/qo6v8m3d,False,,,
mpuzy7qp,ptload_n2_rlc0.1_norm_PPO_ent0.01_c256_ema_aux0.01_r02,ic7dzzax,pertoken-rl-push,finished,RL + Aux,True,True,False,False,False,False,False,False,3000.0,True,0.1,0.01,per_token_load_weighted,0.0,,,,,2.0,0.01,ppo,critic,[256],True,,,,,,,,,,,3421.800048828125,2.78621768951416,0.2541676461696625,65.85637419100385,,,,,,,,,,,62.5,54.0,69.5,62.0,https://wandb.ai/nvr-israel/qwen3-router-training/runs/mpuzy7qp,False,,,
pr8hljfb,ptbin_n2_rlc0.1_norm_PPO_ent0.01_c256_ema_lm1.0_aux0.01_r01,ic7dzzax,pertoken-rl-push,finished,RL + Aux,True,True,False,False,False,False,False,False,3000.0,True,0.1,0.01,per_token_topn_binary,0.0,,,,,2.0,0.01,ppo,critic,[256],True,,,,,,,,,,,3463.159912109375,2.7755348682403564,0.2557334005832672,32.57649634801783,,,,,,,,,,,,,,,https://wandb.ai/nvr-israel/qwen3-router-training/runs/pr8hljfb,False,,,
k3b508ol,ptbin_n2_rlc0.1_norm_PPO_ent0.01_c256_ema_aux0.01_r00,ic7dzzax,pertoken-rl-push,finished,RL + Aux,True,True,False,False,False,False,False,False,3000.0,True,0.1,0.01,per_token_topn_binary,0.0,,,,,2.0,0.01,ppo,critic,[256],True,,,,,,,,,,,3444.110107421875,2.780450820922852,0.2551247179508209,34.76181785110384,,,,,,,,,,,,,,,https://wandb.ai/nvr-israel/qwen3-router-training/runs/k3b508ol,False,,,
u9brb8qa,ptload_n2_rlc0.01_g0_norm_PPO_ent0.01_c256_aux0.01_r15,vliubmcw,adv-norm-rl-sweep,finished,RL + Aux,True,True,False,False,False,False,False,False,3000.0,True,0.01,0.01,per_token_load_weighted,0.0,,,,,2.0,0.01,ppo,critic,[256],True,,,,,,,,,,,3472.820068359375,2.800403118133545,,,,,,,,,,,,,,,,,https://wandb.ai/nvr-israel/qwen3-router-training/runs/u9brb8qa,False,,,
donhta3p,ptbin_n6_rlc0.01_g0_norm_PPO_ent0.01_c256_aux0.01_r14,vliubmcw,adv-norm-rl-sweep,finished,RL + Aux,True,True,False,False,False,False,False,False,3000.0,True,0.01,0.01,per_token_topn_binary,0.0,,,,,6.0,0.01,ppo,critic,[256],True,,,,,,,,,,,3463.3701171875,2.803412437438965,,,,,,,,,,,,,,,,,https://wandb.ai/nvr-israel/qwen3-router-training/runs/donhta3p,False,,,
hirakb7u,ptbin_n2_rlc0.01_g0_norm_PPO_ent0.01_c256_aux0.01_r13,vliubmcw,adv-norm-rl-sweep,finished,RL + Aux,True,True,False,False,False,False,False,False,3000.0,True,0.01,0.01,per_token_topn_binary,0.0,,,,,2.0,0.01,ppo,critic,[256],True,,,,,,,,,,,3451.300048828125,2.8016445636749268,,,,,,,,,,,,,,,,,https://wandb.ai/nvr-israel/qwen3-router-training/runs/hirakb7u,False,,,
e779uhha,ptload_n2_rlc0.003_g0.5_norm_PPO_ent0.01_c256_aux0.01_r12,vliubmcw,adv-norm-rl-sweep,finished,RL + Aux,True,True,False,False,False,False,False,False,3000.0,True,0.003,0.01,per_token_load_weighted,0.5,,,,,2.0,0.01,ppo,critic,[256],True,,,,,,,,,,,3473.8701171875,2.78251576423645,,,,,,,,,,,,,,,,,https://wandb.ai/nvr-israel/qwen3-router-training/runs/e779uhha,False,,,
450fguxn,ptbin_n6_rlc0.001_g0.5_norm_PPO_ent0.01_c256_aux0.01_r05,vliubmcw,adv-norm-rl-sweep,finished,RL + Aux,True,True,False,False,False,False,False,False,3000.0,True,0.001,0.01,per_token_topn_binary,0.5,,,,,6.0,0.01,ppo,critic,[256],True,,,,,,,,,,,3479.969970703125,2.775810956954956,,,,,,,,,,,,,,,,,https://wandb.ai/nvr-israel/qwen3-router-training/runs/450fguxn,False,,,
8gzpj173,ptload_n2_rlc0.001_g0.5_norm_PPO_ent0.01_c256_aux0.01_r06,vliubmcw,adv-norm-rl-sweep,finished,RL + Aux,True,True,False,False,False,False,False,False,3000.0,True,0.001,0.01,per_token_load_weighted,0.5,,,,,2.0,0.01,ppo,critic,[256],True,,,,,,,,,,,3481.0400390625,2.7775278091430664,,,,,,,,,,,,,,,,,https://wandb.ai/nvr-israel/qwen3-router-training/runs/8gzpj173,False,,,
1k051clg,ptbin_n2_rlc0.001_g0.5_norm_PPO_ent0.01_c256_aux0.01_r04,vliubmcw,adv-norm-rl-sweep,finished,RL + Aux,True,True,False,False,False,False,False,False,3000.0,True,0.001,0.01,per_token_topn_binary,0.5,,,,,2.0,0.01,ppo,critic,[256],True,,,,,,,,,,,3468.300048828125,2.777841567993164,,,,,,,,,,,,,,,,,https://wandb.ai/nvr-israel/qwen3-router-training/runs/1k051clg,False,,,
x1on218t,ptbin_n6_rlc0.001_g0_norm_PPO_ent0.01_c256_aux0.01_r02,vliubmcw,adv-norm-rl-sweep,finished,RL + Aux,True,True,False,False,False,False,False,False,3000.0,True,0.001,0.01,per_token_topn_binary,0.0,,,,,6.0,0.01,ppo,critic,[256],True,,,,,,,,,,,3472.929931640625,2.7752182483673096,,,,,,,,,,,,,,,,,https://wandb.ai/nvr-israel/qwen3-router-training/runs/x1on218t,False,,,
ohfod7wi,ptload_n2_rlc0.001_g0_norm_PPO_ent0.01_c256_aux0.01_r03,vliubmcw,adv-norm-rl-sweep,finished,RL + Aux,True,True,False,False,False,False,False,False,3000.0,True,0.001,0.01,per_token_load_weighted,0.0,,,,,2.0,0.01,ppo,critic,[256],True,,,,,,,,,,,3469.4599609375,2.7795004844665527,,,,,,,,,,,,,,,,,https://wandb.ai/nvr-israel/qwen3-router-training/runs/ohfod7wi,False,,,
4jybmdk7,ptbin_n2_rlc0.001_g0_norm_PPO_ent0.01_c256_aux0.01_r00,vliubmcw,adv-norm-rl-sweep,finished,RL + Aux,True,True,False,False,False,False,False,False,3000.0,True,0.001,0.01,per_token_topn_binary,0.0,,,,,2.0,0.01,ppo,critic,[256],True,,,,,,,,,,,3472.570068359375,2.7766895294189453,,,,,,,,,,,,,,,,,https://wandb.ai/nvr-israel/qwen3-router-training/runs/4jybmdk7,False,,,
u8obsku6,norl_aux0.01_r01,vliubmcw,adv-norm-rl-sweep,finished,Aux,False,True,False,False,False,False,False,False,3000.0,False,0.001,0.01,per_token_topn_binary,0.0,,,,,2.0,0.01,ppo,critic,[256],True,,,,,,,,,,,3472.8798828125,2.7735860347747803,,,,,,,,,,,,,,,,,https://wandb.ai/nvr-israel/qwen3-router-training/runs/u8obsku6,False,,,
79lbqhlc,norl_aux0.01_r08,l7tb2xsb,lm-reward-ab,finished,Aux,False,True,False,False,False,False,False,False,6544.0,False,0.01,0.01,per_token_topn_binary,0.0,,,,,2.0,0.01,ppo,critic,[256],True,,,,,,,,,,,3100.800048828125,2.711944818496704,0.2525327205657959,26.16801079595461,,,,,,,,,,,63.3,54.7,70.6,62.87,https://wandb.ai/nvr-israel/qwen3-router-training/runs/79lbqhlc,False,,,
xfrcyyzq,ptbin_n2_rlc0.01_norm_PPO_ent0.01_c256_ema_lm5.0_aux0.01_r07,l7tb2xsb,lm-reward-ab,finished,RL + Aux,True,True,False,False,False,False,False,False,3568.0,True,0.01,0.01,per_token_topn_binary,0.0,,,,,2.0,0.01,ppo,critic,[256],True,,,,,,,,,,,3261.719970703125,2.771198511123657,0.2531034350395202,68.33046026388183,,,,,,,,,,,,,,,https://wandb.ai/nvr-israel/qwen3-router-training/runs/xfrcyyzq,False,,,
cc5qazt2,ptbin_n2_rlc0.01_norm_PPO_ent0.01_c256_ema_lm5.0_noaux_r06,l7tb2xsb,lm-reward-ab,finished,RL,True,False,False,False,False,False,False,False,3595.0,True,0.01,0.0,per_token_topn_binary,0.0,,,,,2.0,0.01,ppo,critic,[256],True,,,,,,,,,,,4661.58984375,2.674492120742798,0.2495202869176865,67.93063668999821,,,,,,,,,,,,,,,https://wandb.ai/nvr-israel/qwen3-router-training/runs/cc5qazt2,False,,,
8q58th0m,ptbin_n2_rlc0.01_norm_PPO_ent0.01_c256_ema_lm1.0_noaux_r04,l7tb2xsb,lm-reward-ab,finished,RL,True,False,False,False,False,False,False,False,3645.0,True,0.01,0.0,per_token_topn_binary,0.0,,,,,2.0,0.01,ppo,critic,[256],True,,,,,,,,,,,4654.35009765625,2.6747727394104004,0.2496467977762222,67.70776823209599,,,,,,,,,,,,,,,https://wandb.ai/nvr-israel/qwen3-router-training/runs/8q58th0m,False,,,
kvi1hwf4,ptbin_n2_rlc0.01_norm_PPO_ent0.01_c256_ema_lm1.0_aux0.01_r05,l7tb2xsb,lm-reward-ab,finished,RL + Aux,True,True,False,False,False,False,False,False,3500.0,True,0.01,0.01,per_token_topn_binary,0.0,,,,,2.0,0.01,ppo,critic,[256],True,,,,,,,,,,,3310.409912109375,2.7917640209198,0.252838522195816,71.12563151307404,,,,,,,,,,,,,,,https://wandb.ai/nvr-israel/qwen3-router-training/runs/kvi1hwf4,False,,,
x963zdit,ptbin_n2_rlc0.01_norm_PPO_ent0.01_c256_ema_lm0.1_aux0.01_r03,l7tb2xsb,lm-reward-ab,finished,RL + Aux,True,True,False,False,False,False,False,False,3519.0,True,0.01,0.01,per_token_topn_binary,0.0,,,,,2.0,0.01,ppo,critic,[256],True,,,,,,,,,,,3253.68994140625,2.77131724357605,0.2526652216911316,65.82203814713284,,,,,,,,,,,,,,,https://wandb.ai/nvr-israel/qwen3-router-training/runs/x963zdit,False,,,
ylyb13em,ptbin_n2_rlc0.01_norm_PPO_ent0.01_c256_ema_lm0.1_noaux_r02,l7tb2xsb,lm-reward-ab,finished,RL,True,False,False,False,False,False,False,False,3611.0,True,0.01,0.0,per_token_topn_binary,0.0,,,,,2.0,0.01,ppo,critic,[256],True,,,,,,,,,,,4651.41015625,2.675103664398194,0.2496557831764221,65.55140379210934,,,,,,,,,,,,,,,https://wandb.ai/nvr-israel/qwen3-router-training/runs/ylyb13em,False,,,
ir6nmiwb,ptbin_n2_rlc0.01_norm_PPO_ent0.01_c256_ema_aux0.01_r01,l7tb2xsb,lm-reward-ab,finished,RL + Aux,True,True,False,False,False,False,False,False,3473.0,True,0.01,0.01,per_token_topn_binary,0.0,,,,,2.0,0.01,ppo,critic,[256],True,,,,,,,,,,,3303.6298828125,2.793628931045532,0.2529878914356231,65.07942564995028,,,,,,,,,,,,,,,https://wandb.ai/nvr-israel/qwen3-router-training/runs/ir6nmiwb,False,,,
ebifg6c8,ptbin_n2_rlc0.01_norm_PPO_ent0.01_c256_ema_noaux_r00,l7tb2xsb,lm-reward-ab,finished,RL,True,False,False,False,False,False,False,False,3476.0,True,0.01,0.0,per_token_topn_binary,0.0,,,,,2.0,0.01,ppo,critic,[256],True,,,,,,,,,,,4649.31982421875,2.7022039890289307,0.2509195804595947,66.99000767699908,,,,,,,,,,,,,,,https://wandb.ai/nvr-israel/qwen3-router-training/runs/ebifg6c8,False,,,
snzhdtur,ptload_n2_rlc1.0_norm_PPO_ent0.01_c256_ema_ppo_aux0.01_r05,ch2if0ee,ppo-multiepoch-v2,finished,RL + Aux,True,True,False,False,False,False,False,False,3000.0,True,1.0,0.01,per_token_load_weighted,0.0,,,,,2.0,0.01,ppo,critic,[256],True,,,,,,,,,,,3128.35009765625,3.1752190589904785,0.2539936900138855,65.12662909459323,,,,,,,,,,,56.6,52.0,64.8,57.8,https://wandb.ai/nvr-israel/qwen3-router-training/runs/snzhdtur,False,,,
39b5pmvn,ptload_n2_rlc0.5_norm_PPO_ent0.01_c256_ema_ppo_aux0.01_r04,ch2if0ee,ppo-multiepoch-v2,finished,RL + Aux,True,True,False,False,False,False,False,False,3000.0,True,0.5,0.01,per_token_load_weighted,0.0,,,,,2.0,0.01,ppo,critic,[256],True,,,,,,,,,,,3289.340087890625,2.8410840034484863,0.2530960738658905,30.47595174703747,,,,,,,,,,,62.0,51.7,69.1,60.93,https://wandb.ai/nvr-israel/qwen3-router-training/runs/39b5pmvn,False,,,
8dzyakjh,ptload_n2_rlc1.0_norm_PPO_ent0.01_c256_ema_ppo_k5_aux0.01_r01,ch2if0ee,ppo-multiepoch-v2,finished,RL + Aux,True,True,False,False,False,True,False,False,3000.0,True,1.0,0.01,per_token_load_weighted,0.0,5.0,,,,2.0,0.01,ppo,critic,[256],True,,,,,,,,,,,3288.47998046875,4.790267467498779,0.2538035213947296,59.22267325899156,,,,,,,,,,,46.0,23.6,51.5,40.37,https://wandb.ai/nvr-israel/qwen3-router-training/runs/8dzyakjh,False,,,
udkgxqgf,ptload_n2_rlc0.5_norm_PPO_ent0.01_c256_ema_ppo_k5_aux0.01_r00,ch2if0ee,ppo-multiepoch-v2,finished,RL + Aux,True,True,False,False,False,True,False,False,3000.0,True,0.5,0.01,per_token_load_weighted,0.0,5.0,,,,2.0,0.01,ppo,critic,[256],True,,,,,,,,,,,2732.340087890625,3.3912341594696045,0.2527974843978882,55.51196590904146,,,,,,,,,,,57.0,42.8,62.9,54.23,https://wandb.ai/nvr-israel/qwen3-router-training/runs/udkgxqgf,False,,,
sekbre2n,norl_aux0.01_r05,tkumso27,ppo-replay-buffer,finished,Aux,False,True,False,False,False,False,False,False,3000.0,False,0.1,0.01,per_token_load_weighted,0.0,,,,,2.0,0.01,ppo,critic,[256],True,,,,,,,,,,,3469.340087890625,2.776426076889038,0.2558117806911468,32.02339148099418,,,,,,,,,,,,,,,https://wandb.ai/nvr-israel/qwen3-router-training/runs/sekbre2n,False,,,
2jci2ahb,ptload_n2_rlc0.1_norm_PPO_ent0.01_c256_ema_ppo_aux0.01_r04,tkumso27,ppo-replay-buffer,finished,RL + Aux,True,True,False,False,False,False,False,False,3000.0,True,0.1,0.01,per_token_load_weighted,0.0,,,,,2.0,0.01,ppo,critic,[256],True,,,,,,,,,,,3401.169921875,2.785802841186523,0.254433810710907,80.24630016900483,,,,,,,,,,,,,,,https://wandb.ai/nvr-israel/qwen3-router-training/runs/2jci2ahb,False,,,
pp448xcz,c256_ppo_k5_buf8_kl1.0_r06,kl-ab-test,kl-ab-test,finished,RL + Aux + KL,True,True,True,False,False,True,True,False,2025.0,True,0.5,0.01,per_token_load_weighted,0.0,5.0,8.0,,,2.0,0.01,ppo,critic,[256],True,,,,,1.0,,,,,,3835.489990234375,2.830166339874268,0.2503918707370758,33.42139327805489,,,,,,,,,,,,,,,https://wandb.ai/nvr-israel/qwen3-router-training/runs/pp448xcz,False,,,
1adhj917,c256_ppo_k5_buf8_kl0.5_r05,kl-ab-test,kl-ab-test,finished,RL + Aux + KL,True,True,True,False,False,True,True,False,1608.0,True,0.5,0.01,per_token_load_weighted,0.0,5.0,8.0,,,2.0,0.01,ppo,critic,[256],True,,,,,0.5,,,,,,3860.10009765625,2.837196111679077,0.2500907182693481,65.97585396654904,,,,,,,,,,,,,,,https://wandb.ai/nvr-israel/qwen3-router-training/runs/1adhj917,False,,,
jdov6kp2,c256_ppo_k5_buf8_kl0.1_r04,kl-ab-test,kl-ab-test,finished,RL + Aux + KL,True,True,True,False,False,True,True,False,1606.0,True,0.5,0.01,per_token_load_weighted,0.0,5.0,8.0,,,2.0,0.01,ppo,critic,[256],True,,,,,0.1,,,,,,3866.469970703125,2.8327083587646484,0.249850258231163,66.68994645401835,,,,,,,,,,,62.5,52.4,71.2,62.03,https://wandb.ai/nvr-israel/qwen3-router-training/runs/jdov6kp2,False,,,
nedve9kg,c256_ppo_k5_buf8_r03,kl-ab-test,kl-ab-test,finished,RL + Aux,True,True,False,False,False,True,True,False,1762.0,True,0.5,0.01,per_token_load_weighted,0.0,5.0,8.0,,,2.0,0.01,ppo,critic,[256],True,,,,,,,,,,,3385.0400390625,2.8845880031585693,0.2465312033891678,69.20934256911278,,,,,,,,,,,62.1,48.8,71.4,60.77,https://wandb.ai/nvr-israel/qwen3-router-training/runs/nedve9kg,False,,,
6ihhg29b,c256_ppo_kl1.0_r02,kl-ab-test,kl-ab-test,finished,RL + Aux + KL,True,True,True,False,False,False,False,False,2935.0,True,0.5,0.01,per_token_load_weighted,0.0,,,,,2.0,0.01,ppo,critic,[256],True,,,,,1.0,,,,,,3376.1298828125,2.7963085174560547,0.2536537647247314,59.41788802202791,,,,,,,,,,,64.0,52.9,71.0,62.63,https://wandb.ai/nvr-israel/qwen3-router-training/runs/6ihhg29b,False,,,
6ps3ougu,c256_ppo_kl0.5_r01,kl-ab-test,kl-ab-test,finished,RL + Aux + KL,True,True,True,False,False,False,False,False,2519.0,True,0.5,0.01,per_token_load_weighted,0.0,,,,,2.0,0.01,ppo,critic,[256],True,,,,,0.5,,,,,,3377.239990234375,2.7942769527435303,0.2536448240280151,72.16391635360196,,,,,,,,,,,,,,,https://wandb.ai/nvr-israel/qwen3-router-training/runs/6ps3ougu,False,,,
ap32m0ih,c256_ppo_kl0.1_r00,kl-ab-test,kl-ab-test,finished,RL + Aux + KL,True,True,True,False,False,False,False,False,2568.0,True,0.5,0.01,per_token_load_weighted,0.0,,,,,2.0,0.01,ppo,critic,[256],True,,,,,0.1,,,,,,3371.1298828125,2.794126510620117,0.2539039850234985,74.17364879883826,,,,,,,,,,,,,,,https://wandb.ai/nvr-israel/qwen3-router-training/runs/ap32m0ih,False,,,
pretrained_baseline,pretrained_baseline,,benchmark-only,finished,Baseline,False,False,False,False,False,False,False,False,,False,,,,,,,,,,,,,,,,,,,,,,,,,4780.0,2.65,,,,,,,,,,,,,65.5,56.5,70.3,64.1,,,,,
ptload_n2_rlc0.1_norm_PPO_ent0.01_c256_ema_ppo_k20_lm1.0_aux0.01_r08,ptload_n2_rlc0.1_norm_PPO_ent0.01_c256_ema_ppo_k20_lm1.0_aux0.01_r08,tkumso27,benchmark-only,finished,RL + Aux,True,True,False,False,False,False,False,False,3000.0,True,0.1,0.01,per_token_load_weighted,,,,,,,,,,,,,,,,,,,,,,2678.2,3.079,,,,,,,,,,,,,26.1,26.6,48.1,33.6,,,,,
ptload_n2_rlc0.1_norm_PPO_ent0.01_c256_ema_ppo_k5_lm1.0_aux0.01_r06,ptload_n2_rlc0.1_norm_PPO_ent0.01_c256_ema_ppo_k5_lm1.0_aux0.01_r06,tkumso27,benchmark-only,finished,RL + Aux,True,True,False,False,False,False,False,False,3000.0,True,0.1,0.01,per_token_load_weighted,,,,,,,,,,,,,,,,,,,,,,3065.6,2.8634,,,,,,,,,,,,,26.1,26.6,48.1,33.6,,,,,
ptload_n2_rlc0.5_norm_PPO_ent0.01_c256_ema_ppo_aux0.01_r15,ptload_n2_rlc0.5_norm_PPO_ent0.01_c256_ema_ppo_aux0.01_r15,tkumso27,benchmark-only,finished,RL + Aux,True,True,False,False,False,False,False,False,3000.0,True,0.5,0.01,per_token_load_weighted,,,,,,,,,,,,,,,,,,,,,,3408.7,2.8894,,,,,,,,,,,,,61.9,52.9,68.2,61.0,,,,,
ptload_n2_rlc0.5_norm_PPO_ent0.01_c256_ema_ppo_k20_aux0.01_r02,ptload_n2_rlc0.5_norm_PPO_ent0.01_c256_ema_ppo_k20_aux0.01_r02,ch2if0ee,benchmark-only,finished,RL + Aux,True,True,False,False,False,False,False,False,3000.0,True,0.5,0.01,per_token_load_weighted,,,,,,,,,,,,,,,,,,,,,,3441.1,4.9387,,,,,,,,,,,,,26.1,26.8,49.6,34.17,,,,,
ptload_n2_rlc0.5_norm_PPO_ent0.01_c256_ema_ppo_k5_buf8_lm1.0_aux0.01_r17,ptload_n2_rlc0.5_norm_PPO_ent0.01_c256_ema_ppo_k5_buf8_lm1.0_aux0.01_r17,tkumso27,benchmark-only,finished,RL + Aux,True,True,False,False,False,False,False,False,3000.0,True,0.5,0.01,per_token_load_weighted,,,,,,,,,,,,,,,,,,,,,,3499.0,2.9304,,,,,,,,,,,,,26.1,26.6,48.1,33.6,,,,,
ptload_n2_rlc0.5_norm_PPO_ent0.01_c256_ema_ppo_k5_lm1.0_aux0.01_r16,ptload_n2_rlc0.5_norm_PPO_ent0.01_c256_ema_ppo_k5_lm1.0_aux0.01_r16,tkumso27,benchmark-only,finished,RL + Aux,True,True,False,False,False,False,False,False,3000.0,True,0.5,0.01,per_token_load_weighted,,,,,,,,,,,,,,,,,,,,,,3317.0,2.9531,,,,,,,,,,,,,58.0,43.4,66.4,55.93,,,,,
ptload_n2_rlc0.5_norm_PPO_ent0.01_c256_ema_ppo_lm1.0_aux0.01_r20,ptload_n2_rlc0.5_norm_PPO_ent0.01_c256_ema_ppo_lm1.0_aux0.01_r20,tkumso27,benchmark-only,finished,RL + Aux,True,True,False,False,False,False,False,False,3000.0,True,0.5,0.01,per_token_load_weighted,,,,,,,,,,,,,,,,,,,,,,3885.9,2.7828,,,,,,,,,,,,,62.4,52.9,68.0,61.1,,,,,
ptload_n2_rlc1.0_norm_PPO_ent0.01_c256_ema_ppo_aux0.01_r25,ptload_n2_rlc1.0_norm_PPO_ent0.01_c256_ema_ppo_aux0.01_r25,tkumso27,benchmark-only,finished,RL + Aux,True,True,False,False,False,False,False,False,3000.0,True,1.0,0.01,per_token_load_weighted,,,,,,,,,,,,,,,,,,,,,,3550.9,2.8753,,,,,,,,,,,,,62.0,51.6,67.8,60.47,,,,,
ptload_n2_rlc1.0_norm_PPO_ent0.01_c256_ema_ppo_k20_aux0.01_r03,ptload_n2_rlc1.0_norm_PPO_ent0.01_c256_ema_ppo_k20_aux0.01_r03,ch2if0ee,benchmark-only,finished,RL + Aux,True,True,False,False,False,False,False,False,3000.0,True,1.0,0.01,per_token_load_weighted,,,,,,,,,,,,,,,,,,,,,,3753.9,6.0496,,,,,,,,,,,,,26.1,26.6,48.1,33.6,,,,,
ptload_n2_rlc1.0_norm_PPO_ent0.01_c256_ema_ppo_k5_buf8_lm1.0_aux0.01_r27,ptload_n2_rlc1.0_norm_PPO_ent0.01_c256_ema_ppo_k5_buf8_lm1.0_aux0.01_r27,tkumso27,benchmark-only,finished,RL + Aux,True,True,False,False,False,False,False,False,3000.0,True,1.0,0.01,per_token_load_weighted,,,,,,,,,,,,,,,,,,,,,,3839.9,2.799,,,,,,,,,,,,,26.1,26.6,48.1,33.6,,,,,
ptload_n2_rlc1.0_norm_PPO_ent0.01_c256_ema_ppo_lm1.0_aux0.01_r30,ptload_n2_rlc1.0_norm_PPO_ent0.01_c256_ema_ppo_lm1.0_aux0.01_r30,tkumso27,benchmark-only,finished,RL + Aux,True,True,False,False,False,False,False,False,3000.0,True,1.0,0.01,per_token_load_weighted,,,,,,,,,,,,,,,,,,,,,,3664.7,2.8073,,,,,,,,,,,,,62.6,52.5,69.8,61.63,,,,,
